server,client,mode,frame_bytes,connections,offered_rate,phase,pair,arrival,window_seconds,warmup,window,seed,corpus_sha256,builds,cpu_masks,comparison_eligible,exclusion_reasons,valid,success,generator_adequate,sustainable,error,scheduler_late_over_1ms,generator_late_rejected,aborted_schedule_rejected,window_frames_per_second,window_records,window_payload_bytes,window_records_per_second,window_payload_mib_per_second,completed_frames,offered,admitted,rejected,failed,timedout,unresolved,misses_1ms,misses_5ms,misses_10ms,cohort_seconds,drain_seconds,drain_limit_seconds,latency_samples,latency_overflow_60s,p999_sample_gate_passed,receive_stage_samples,receive_stage_p50_ns,processing_stage_samples,processing_stage_p50_ns,p50_ns,p99_ns,p999_ns,max_ns,path
csharp,cpp,aggregate,65536,4,1000,measurement,0,steady,1,0.2,8,42,common,null,null,True,,True,True,True,False,,0,0,,800.0,,,0.0,0.0,900,1000,900,100,0,0,0,200,150,100,,,,900,1,False,,,,,1,10,,61000000000,adequate-overload-csharp
cpp,cpp,aggregate,65536,4,1000,measurement,0,steady,1,0.2,8,42,common,null,null,True,,True,True,True,False,,0,0,,400.0,,,0.0,0.0,900,1000,900,100,0,0,0,200,150,100,,,,900,1,False,,,,,1,10,,61000000000,adequate-overload-cpp
csharp,cpp,aggregate,65536,4,1000,measurement,1,steady,1,0.2,8,42,common,null,null,True,,True,True,True,False,,0,0,,800.0,,,0.0,0.0,900,1000,900,100,0,0,0,200,150,100,,,,900,1,False,,,,,1,10,,61000000000,inadequate-csharp
cpp,cpp,aggregate,65536,4,1000,measurement,1,steady,1,0.2,8,42,common,null,null,False,generator_inadequate_or_unverified,True,True,False,False,,0,0,,400.0,,,0.0,0.0,900,1000,900,100,0,0,0,200,150,100,,,,900,1,False,,,,,1,10,,61000000000,inadequate-cpp
csharp,cpp,aggregate,65536,4,1000,measurement,2,steady,1,0.2,8,42,common,null,null,True,,True,True,True,False,,0,0,,800.0,,,0.0,0.0,900,1000,900,100,0,0,0,200,150,100,,,,900,1,False,,,,,1,10,,61000000000,missing-adequacy-csharp
cpp,cpp,aggregate,65536,4,1000,measurement,2,steady,1,0.2,8,42,common,null,null,False,generator_inadequate_or_unverified,True,True,,False,,0,0,,400.0,,,0.0,0.0,900,1000,900,100,0,0,0,200,150,100,,,,900,1,False,,,,,1,10,,61000000000,missing-adequacy-cpp
csharp,cpp,aggregate,65536,4,1000,measurement,3,steady,1,0.2,8,42,common,null,null,True,,True,True,True,False,,0,0,,800.0,,,0.0,0.0,900,1000,900,100,0,0,0,200,150,100,,,,900,1,False,,,,,1,10,,61000000000,invalid-client-csharp
cpp,cpp,aggregate,65536,4,1000,measurement,3,steady,1,0.2,8,42,common,null,null,False,invalid_or_unverified,False,True,True,False,,0,0,,400.0,,,0.0,0.0,900,1000,900,100,0,0,0,200,150,100,,,,900,1,False,,,,,1,10,,61000000000,invalid-client-cpp
csharp,cpp,aggregate,65536,4,1000,measurement,4,steady,1,0.2,8,42,common,null,null,True,,True,True,True,False,,0,0,,800.0,,,0.0,0.0,900,1000,900,100,0,0,0,200,150,100,,,,900,1,False,,,,,1,10,,61000000000,unsuccessful-client-csharp
cpp,cpp,aggregate,65536,4,1000,measurement,4,steady,1,0.2,8,42,common,null,null,False,invalid_or_unverified,True,False,True,False,,0,0,,400.0,,,0.0,0.0,900,1000,900,100,0,0,0,200,150,100,,,,900,1,False,,,,,1,10,,61000000000,unsuccessful-client-cpp
csharp,cpp,aggregate,65536,4,1000,measurement,5,steady,1,0.2,8,42,common,null,null,True,,True,True,True,False,,0,0,,800.0,,,0.0,0.0,900,1000,900,100,0,0,0,200,150,100,,,,900,1,False,,,,,1,10,,61000000000,invalid-server-csharp
cpp,cpp,aggregate,65536,4,1000,measurement,5,steady,1,0.2,8,42,common,null,null,False,invalid_server,True,True,True,False,,0,0,,400.0,,,0.0,0.0,900,1000,900,100,0,0,0,200,150,100,,,,900,1,False,,,,,1,10,,61000000000,invalid-server-cpp
csharp,cpp,aggregate,65536,4,1000,measurement,6,steady,1,0.2,8,42,common,null,null,True,,True,True,True,False,,0,0,,800.0,,,0.0,0.0,900,1000,900,100,0,0,0,200,150,100,,,,900,1,False,,,,,1,10,,61000000000,failed-csharp
cpp,cpp,aggregate,65536,4,1000,measurement,6,steady,1,0.2,8,42,common,null,null,False,failed,True,True,True,False,,0,0,,400.0,,,0.0,0.0,900,1000,900,100,1,0,0,200,150,100,,,,900,1,False,,,,,1,10,,61000000000,failed-cpp
csharp,cpp,aggregate,65536,4,1000,measurement,7,steady,1,0.2,8,42,common,null,null,True,,True,True,True,False,,0,0,,800.0,,,0.0,0.0,900,1000,900,100,0,0,0,200,150,100,,,,900,1,False,,,,,1,10,,61000000000,timedout-csharp
cpp,cpp,aggregate,65536,4,1000,measurement,7,steady,1,0.2,8,42,common,null,null,False,timedout,True,True,True,False,,0,0,,400.0,,,0.0,0.0,900,1000,900,100,0,1,0,200,150,100,,,,900,1,False,,,,,1,10,,61000000000,timedout-cpp
csharp,cpp,aggregate,65536,4,1000,measurement,8,steady,1,0.2,8,42,common,null,null,True,,True,True,True,False,,0,0,,800.0,,,0.0,0.0,900,1000,900,100,0,0,0,200,150,100,,,,900,1,False,,,,,1,10,,61000000000,unresolved-csharp
cpp,cpp,aggregate,65536,4,1000,measurement,8,steady,1,0.2,8,42,common,null,null,False,unresolved,True,True,True,False,,0,0,,400.0,,,0.0,0.0,900,1000,900,100,0,0,1,200,150,100,,,,900,1,False,,,,,1,10,,61000000000,unresolved-cpp
csharp,cpp,aggregate,65536,4,1000,measurement,9,steady,1,0.2,8,42,common,null,null,True,,True,True,True,False,,0,0,,800.0,,,0.0,0.0,900,1000,900,100,0,0,0,200,150,100,,,,900,1,False,,,,,1,10,,61000000000,zero-window-csharp
cpp,cpp,aggregate,65536,4,1000,measurement,9,steady,0,0.2,8,42,common,null,null,False,invalid_window,True,True,True,False,,0,0,,,,,,,900,1000,900,100,0,0,0,200,150,100,,,,900,1,False,,,,,1,10,,61000000000,zero-window-cpp
csharp,cpp,aggregate,65536,4,1000,measurement,10,steady,1,0.2,8,42,common,null,null,True,,True,True,True,False,,0,0,,800.0,,,0.0,0.0,900,1000,900,100,0,0,0,200,150,100,,,,900,1,False,,,,,1,10,,61000000000,negative-window-csharp
cpp,cpp,aggregate,65536,4,1000,measurement,10,steady,-1,0.2,8,42,common,null,null,False,invalid_window,True,True,True,False,,0,0,,,,,,,900,1000,900,100,0,0,0,200,150,100,,,,900,1,False,,,,,1,10,,61000000000,negative-window-cpp
csharp,cpp,aggregate,65536,4,1000,measurement,11,steady,1,0.2,8,42,common,null,null,True,,True,True,True,False,,0,0,,800.0,,,0.0,0.0,900,1000,900,100,0,0,0,200,150,100,,,,900,1,False,,,,,1,10,,61000000000,duplicate-csharp
cpp,cpp,aggregate,65536,4,1000,measurement,11,steady,1,0.2,8,42,common,null,null,True,,True,True,True,False,,0,0,,400.0,,,0.0,0.0,900,1000,900,100,0,0,0,200,150,100,,,,900,1,False,,,,,1,10,,61000000000,duplicate-cpp
cpp,cpp,aggregate,65536,4,1000,measurement,11,steady,1,0.2,8,42,common,null,null,True,,True,True,True,False,,0,0,,400.0,,,0.0,0.0,900,1000,900,100,0,0,0,200,150,100,,,,900,1,False,,,,,1,10,,61000000000,duplicate-cpp
csharp,cpp,aggregate,65536,4,1000,measurement,12,steady,1,0.2,8,42,common,null,null,True,,True,True,True,False,,0,0,,800.0,,,0.0,0.0,900,1000,900,100,0,0,0,200,150,100,,,,900,1,False,,,,,1,10,,61000000000,incomplete-csharp
