ordinal,phase,cell,group,title,kind,mode,server,client,repetition,corpus,profile,connections,window,rate,arrival,socket_buffer,retain_batches,duration,warmup,runner_error,background_cpu_fraction,server_sibling_busy_fraction,server_gc,gc_dynamic_adaptation,builds,path,valid,records_per_second,mib_per_second,process_cpu_seconds,process_seconds,allocated_bytes_per_record,exclusion,eligible,load_model,offered,admitted,rejected,acknowledged,failed,unresolved,timedout,p50_ms,p99_ms,p999_ms,max_acknowledged_ms,p99_acknowledged_ms,latency_samples,client_delay_p99_ms,misses_over_1ms,misses_over_5ms,lateness_p99_us,lateness_max_us,late_over_1ms,client_cpu_utilization,strict_v1_adequate,server_cores_used,server_cpu_us_per_frame,server_cpu_ns_per_record,allocations_per_frame,gc_gen0,gc_gen1,gc_gen2,gc_pause_ms,server_peak_working_set_mib,owned_capacity_peak_mib,receive_stage_p50_us,processing_stage_p50_us,stage_samples
1,processing-controls,proc-easy-aggregate,"Processing only (one core, no sockets): C# FastJson vs C++ simdjson",EASY aggregate,process,aggregate,cpp,,0,easy64k,easy,16,64,0,steady,4194304,8,10,5,,0.03734352363945173,0.055171664507198924,,,"{""cpp"": ""aeddcdfc46d1dd5157b06cd27570a6f2985aa0d6ec6110389e4aefb1364bb27c"", ""csharp"": ""e73cad3ad6986ab60960c614ce874161947e2d603f013456a44aec4efba3435a""}",F:\SocketServerClient\results\parser-challenge-20260930\0001-proc-easy-aggregate-cpp,True,4402452.480196251,687.6295874614931,10.421875,10.4251851,0.0,,True,,,,,,,,,,,,,,,,,,,,,,,,,,,,,,,,,,,
2,processing-controls,proc-easy-aggregate,"Processing only (one core, no sockets): C# FastJson vs C++ simdjson",EASY aggregate,process,aggregate,csharp,,0,easy64k,easy,16,64,0,steady,4194304,8,10,5,,0.05796415374366797,0.07835549864227413,True,0,"{""cpp"": ""aeddcdfc46d1dd5157b06cd27570a6f2985aa0d6ec6110389e4aefb1364bb27c"", ""csharp"": ""e73cad3ad6986ab60960c614ce874161947e2d603f013456a44aec4efba3435a""}",F:\SocketServerClient\results\parser-challenge-20260930\0002-proc-easy-aggregate-csharp,True,9583109.730112718,1496.8088400631368,10.1875,10.2627845,0.0,,True,,,,,,,,,,,,,,,,,,,,,,,,,,,,,,,,,,,
3,processing-controls,proc-hardmix-reuse,"Processing only (one core, no sockets): C# FastJson vs C++ simdjson","HARD mixed frames, retain-reuse",process,retain-reuse,csharp,,0,hardmix,hard,16,64,0,steady,4194304,64,10,5,,0.03653769091213789,0.05935984190506074,True,0,"{""cpp"": ""aeddcdfc46d1dd5157b06cd27570a6f2985aa0d6ec6110389e4aefb1364bb27c"", ""csharp"": ""e73cad3ad6986ab60960c614ce874161947e2d603f013456a44aec4efba3435a""}",F:\SocketServerClient\results\parser-challenge-20260930\0003-proc-hardmix-reuse-csharp,True,876385.2080347963,640.5241168850879,11.140625,11.1912432,0.0,,True,,,,,,,,,,,,,,,,,,,,,,,,,,,,,,,,,,,
4,processing-controls,proc-hardmix-reuse,"Processing only (one core, no sockets): C# FastJson vs C++ simdjson","HARD mixed frames, retain-reuse",process,retain-reuse,cpp,,0,hardmix,hard,16,64,0,steady,4194304,64,10,5,,0.036943366116671345,0.05460199146130171,,,"{""cpp"": ""aeddcdfc46d1dd5157b06cd27570a6f2985aa0d6ec6110389e4aefb1364bb27c"", ""csharp"": ""e73cad3ad6986ab60960c614ce874161947e2d603f013456a44aec4efba3435a""}",F:\SocketServerClient\results\parser-challenge-20260930\0004-proc-hardmix-reuse-cpp,True,742741.5687277414,542.8479200943933,11.234375,11.3184994,0.0078003073731490995,,True,,,,,,,,,,,,,,,,,,,,,,,,,,,,,,,,,,,
5,processing-controls,proc-hard64k-aggregate,"Processing only (one core, no sockets): C# FastJson vs C++ simdjson","HARD content, 64 KiB frames, aggregate",process,aggregate,csharp,,0,hard64k,hard,16,64,0,steady,4194304,8,10,5,,0.04359075105678657,0.048515814296406425,True,0,"{""cpp"": ""aeddcdfc46d1dd5157b06cd27570a6f2985aa0d6ec6110389e4aefb1364bb27c"", ""csharp"": ""e73cad3ad6986ab60960c614ce874161947e2d603f013456a44aec4efba3435a""}",F:\SocketServerClient\results\parser-challenge-20260930\0005-proc-hard64k-aggregate-csharp,True,1316018.7662691483,961.5124036346,10.046875,10.1179621,0.0,,True,,,,,,,,,,,,,,,,,,,,,,,,,,,,,,,,,,,
6,processing-controls,proc-hard64k-aggregate,"Processing only (one core, no sockets): C# FastJson vs C++ simdjson","HARD content, 64 KiB frames, aggregate",process,aggregate,cpp,,0,hard64k,hard,16,64,0,steady,4194304,8,10,5,,0.04732837319798257,0.059606921509494155,,,"{""cpp"": ""aeddcdfc46d1dd5157b06cd27570a6f2985aa0d6ec6110389e4aefb1364bb27c"", ""csharp"": ""e73cad3ad6986ab60960c614ce874161947e2d603f013456a44aec4efba3435a""}",F:\SocketServerClient\results\parser-challenge-20260930\0006-proc-hard64k-aggregate-cpp,True,1020969.3629259291,745.9427869461151,10.1875,10.2962737,0.0,,True,,,,,,,,,,,,,,,,,,,,,,,,,,,,,,,,,,,
7,processing-controls,proc-easy-reuse,"Processing only (one core, no sockets): C# FastJson vs C++ simdjson",EASY retain-reuse,process,retain-reuse,cpp,,0,easy64k,easy,16,64,0,steady,4194304,8,10,5,,0.046250838266581454,0.06794961076207415,,,"{""cpp"": ""aeddcdfc46d1dd5157b06cd27570a6f2985aa0d6ec6110389e4aefb1364bb27c"", ""csharp"": ""e73cad3ad6986ab60960c614ce874161947e2d603f013456a44aec4efba3435a""}",F:\SocketServerClient\results\parser-challenge-20260930\0007-proc-easy-reuse-cpp,True,3245141.970067463,506.8664895690126,10.078125,10.1022175,0.0,,True,,,,,,,,,,,,,,,,,,,,,,,,,,,,,,,,,,,
8,processing-controls,proc-easy-reuse,"Processing only (one core, no sockets): C# FastJson vs C++ simdjson",EASY retain-reuse,process,retain-reuse,csharp,,0,easy64k,easy,16,64,0,steady,4194304,8,10,5,,0.07157833606392087,0.1011382432644475,True,0,"{""cpp"": ""aeddcdfc46d1dd5157b06cd27570a6f2985aa0d6ec6110389e4aefb1364bb27c"", ""csharp"": ""e73cad3ad6986ab60960c614ce874161947e2d603f013456a44aec4efba3435a""}",F:\SocketServerClient\results\parser-challenge-20260930\0008-proc-easy-reuse-csharp,True,5568289.748186285,869.7245000679059,9.984375,10.0086963,0.0,,True,,,,,,,,,,,,,,,,,,,,,,,,,,,,,,,,,,,
9,processing-controls,proc-hardmix-allocate,"Processing only (one core, no sockets): C# FastJson vs C++ simdjson","HARD mixed frames, retain-allocate",process,retain-allocate,cpp,,0,hardmix,hard,16,64,0,steady,4194304,64,10,5,,0.05045067469525185,0.08575483039326769,,,"{""cpp"": ""aeddcdfc46d1dd5157b06cd27570a6f2985aa0d6ec6110389e4aefb1364bb27c"", ""csharp"": ""e73cad3ad6986ab60960c614ce874161947e2d603f013456a44aec4efba3435a""}",F:\SocketServerClient\results\parser-challenge-20260930\0009-proc-hardmix-allocate-cpp,True,731520.5082300756,534.6467777201417,11.484375,11.492118,828.8016244147539,,True,,,,,,,,,,,,,,,,,,,,,,,,,,,,,,,,,,,
10,processing-controls,proc-hardmix-allocate,"Processing only (one core, no sockets): C# FastJson vs C++ simdjson","HARD mixed frames, retain-allocate",process,retain-allocate,csharp,,0,hardmix,hard,16,64,0,steady,4194304,64,10,5,,0.05635630409527088,0.07726844667454766,True,0,"{""cpp"": ""aeddcdfc46d1dd5157b06cd27570a6f2985aa0d6ec6110389e4aefb1364bb27c"", ""csharp"": ""e73cad3ad6986ab60960c614ce874161947e2d603f013456a44aec4efba3435a""}",F:\SocketServerClient\results\parser-challenge-20260930\0010-proc-hardmix-allocate-csharp,True,853001.6563878639,623.4337682222273,11.453125,11.4980316,829.4146168779263,,True,,,,,,,,,,,,,,,,,,,,,,,,,,,,,,,,,,,
11,processing-controls,proc-hardmix-aggregate,"Processing only (one core, no sockets): C# FastJson vs C++ simdjson","HARD mixed frames, aggregate",process,aggregate,cpp,,0,hardmix,hard,16,64,0,steady,4194304,8,10,5,,0.050160370220938263,0.06509651745428201,,,"{""cpp"": ""aeddcdfc46d1dd5157b06cd27570a6f2985aa0d6ec6110389e4aefb1364bb27c"", ""csharp"": ""e73cad3ad6986ab60960c614ce874161947e2d603f013456a44aec4efba3435a""}",F:\SocketServerClient\results\parser-challenge-20260930\0011-proc-hardmix-aggregate-cpp,True,1017147.7069258234,743.4032783155868,10.953125,11.0199924,0.0,,True,,,,,,,,,,,,,,,,,,,,,,,,,,,,,,,,,,,
12,processing-controls,proc-hardmix-aggregate,"Processing only (one core, no sockets): C# FastJson vs C++ simdjson","HARD mixed frames, aggregate",process,aggregate,csharp,,0,hardmix,hard,16,64,0,steady,4194304,8,10,5,,0.03719549842378519,0.05446628140195083,True,0,"{""cpp"": ""aeddcdfc46d1dd5157b06cd27570a6f2985aa0d6ec6110389e4aefb1364bb27c"", ""csharp"": ""e73cad3ad6986ab60960c614ce874161947e2d603f013456a44aec4efba3435a""}",F:\SocketServerClient\results\parser-challenge-20260930\0012-proc-hardmix-aggregate-csharp,True,1311630.211946063,958.6318612912917,10.6875,10.6822791,0.0,,True,,,,,,,,,,,,,,,,,,,,,,,,,,,,,,,,,,,
13,processing-controls,proc-easy-reuse,"Processing only (one core, no sockets): C# FastJson vs C++ simdjson",EASY retain-reuse,process,retain-reuse,cpp,,1,easy64k,easy,16,64,0,steady,4194304,8,10,5,,0.05720655571373513,0.06926563093028042,,,"{""cpp"": ""aeddcdfc46d1dd5157b06cd27570a6f2985aa0d6ec6110389e4aefb1364bb27c"", ""csharp"": ""e73cad3ad6986ab60960c614ce874161947e2d603f013456a44aec4efba3435a""}",F:\SocketServerClient\results\parser-challenge-20260930\0013-proc-easy-reuse-cpp,True,3242017.3834259408,506.3784529046846,10.109375,10.1119538,0.0,,True,,,,,,,,,,,,,,,,,,,,,,,,,,,,,,,,,,,
14,processing-controls,proc-easy-reuse,"Processing only (one core, no sockets): C# FastJson vs C++ simdjson",EASY retain-reuse,process,retain-reuse,csharp,,1,easy64k,easy,16,64,0,steady,4194304,8,10,5,,0.04222153757838186,0.06044000447423,True,0,"{""cpp"": ""aeddcdfc46d1dd5157b06cd27570a6f2985aa0d6ec6110389e4aefb1364bb27c"", ""csharp"": ""e73cad3ad6986ab60960c614ce874161947e2d603f013456a44aec4efba3435a""}",F:\SocketServerClient\results\parser-challenge-20260930\0014-proc-easy-reuse-csharp,True,5566220.52397538,869.401302986981,10,10.012417,0.0,,True,,,,,,,,,,,,,,,,,,,,,,,,,,,,,,,,,,,
15,processing-controls,proc-hard64k-aggregate,"Processing only (one core, no sockets): C# FastJson vs C++ simdjson","HARD content, 64 KiB frames, aggregate",process,aggregate,csharp,,1,hard64k,hard,16,64,0,steady,4194304,8,10,5,,0.04486505410767234,0.06472270517997497,True,0,"{""cpp"": ""aeddcdfc46d1dd5157b06cd27570a6f2985aa0d6ec6110389e4aefb1364bb27c"", ""csharp"": ""e73cad3ad6986ab60960c614ce874161947e2d603f013456a44aec4efba3435a""}",F:\SocketServerClient\results\parser-challenge-20260930\0015-proc-hard64k-aggregate-csharp,True,1315582.5992045342,961.1937303349235,10.09375,10.1213166,0.0,,True,,,,,,,,,,,,,,,,,,,,,,,,,,,,,,,,,,,
16,processing-controls,proc-hard64k-aggregate,"Processing only (one core, no sockets): C# FastJson vs C++ simdjson","HARD content, 64 KiB frames, aggregate",process,aggregate,cpp,,1,hard64k,hard,16,64,0,steady,4194304,8,10,5,,0.04281515690972793,0.05891494857510123,,,"{""cpp"": ""aeddcdfc46d1dd5157b06cd27570a6f2985aa0d6ec6110389e4aefb1364bb27c"", ""csharp"": ""e73cad3ad6986ab60960c614ce874161947e2d603f013456a44aec4efba3435a""}",F:\SocketServerClient\results\parser-challenge-20260930\0016-proc-hard64k-aggregate-cpp,True,1021462.2529810455,746.3029033166179,10.28125,10.2913054,0.0,,True,,,,,,,,,,,,,,,,,,,,,,,,,,,,,,,,,,,
17,processing-controls,proc-hardmix-reuse,"Processing only (one core, no sockets): C# FastJson vs C++ simdjson","HARD mixed frames, retain-reuse",process,retain-reuse,cpp,,1,hardmix,hard,16,64,0,steady,4194304,64,10,5,,0.043662698505749935,0.05742490216885146,,,"{""cpp"": ""aeddcdfc46d1dd5157b06cd27570a6f2985aa0d6ec6110389e4aefb1364bb27c"", ""csharp"": ""e73cad3ad6986ab60960c614ce874161947e2d603f013456a44aec4efba3435a""}",F:\SocketServerClient\results\parser-challenge-20260930\0017-proc-hardmix-reuse-cpp,True,739119.6699219173,540.2007810135663,11.359375,11.3739633,0.0078003073731490995,,True,,,,,,,,,,,,,,,,,,,,,,,,,,,,,,,,,,,
18,processing-controls,proc-hardmix-reuse,"Processing only (one core, no sockets): C# FastJson vs C++ simdjson","HARD mixed frames, retain-reuse",process,retain-reuse,csharp,,1,hardmix,hard,16,64,0,steady,4194304,64,10,5,,0.06775252049680137,0.08971607946340676,True,0,"{""cpp"": ""aeddcdfc46d1dd5157b06cd27570a6f2985aa0d6ec6110389e4aefb1364bb27c"", ""csharp"": ""e73cad3ad6986ab60960c614ce874161947e2d603f013456a44aec4efba3435a""}",F:\SocketServerClient\results\parser-challenge-20260930\0018-proc-hardmix-reuse-csharp,True,868245.3539218958,634.5749374381522,11.296875,11.2961618,0.006699946165516567,,True,,,,,,,,,,,,,,,,,,,,,,,,,,,,,,,,,,,
19,processing-controls,proc-hardmix-aggregate,"Processing only (one core, no sockets): C# FastJson vs C++ simdjson","HARD mixed frames, aggregate",process,aggregate,cpp,,1,hardmix,hard,16,64,0,steady,4194304,8,10,5,,0.028540550142502057,0.0410262940215387,,,"{""cpp"": ""aeddcdfc46d1dd5157b06cd27570a6f2985aa0d6ec6110389e4aefb1364bb27c"", ""csharp"": ""e73cad3ad6986ab60960c614ce874161947e2d603f013456a44aec4efba3435a""}",F:\SocketServerClient\results\parser-challenge-20260930\0019-proc-hardmix-aggregate-cpp,True,1023532.2584979619,748.0695588734498,10.9375,10.9512523,0.0,,True,,,,,,,,,,,,,,,,,,,,,,,,,,,,,,,,,,,
20,processing-controls,proc-hardmix-aggregate,"Processing only (one core, no sockets): C# FastJson vs C++ simdjson","HARD mixed frames, aggregate",process,aggregate,csharp,,1,hardmix,hard,16,64,0,steady,4194304,8,10,5,,0.039704081137871425,0.05687131021959032,True,0,"{""cpp"": ""aeddcdfc46d1dd5157b06cd27570a6f2985aa0d6ec6110389e4aefb1364bb27c"", ""csharp"": ""e73cad3ad6986ab60960c614ce874161947e2d603f013456a44aec4efba3435a""}",F:\SocketServerClient\results\parser-challenge-20260930\0020-proc-hardmix-aggregate-csharp,True,1314743.2609836687,960.9070970749988,10.625,10.6569856,0.0,,True,,,,,,,,,,,,,,,,,,,,,,,,,,,,,,,,,,,
21,processing-controls,proc-hardmix-allocate,"Processing only (one core, no sockets): C# FastJson vs C++ simdjson","HARD mixed frames, retain-allocate",process,retain-allocate,csharp,,1,hardmix,hard,16,64,0,steady,4194304,64,10,5,,0.03638301961047997,0.05279495918974245,True,0,"{""cpp"": ""aeddcdfc46d1dd5157b06cd27570a6f2985aa0d6ec6110389e4aefb1364bb27c"", ""csharp"": ""e73cad3ad6986ab60960c614ce874161947e2d603f013456a44aec4efba3435a""}",F:\SocketServerClient\results\parser-challenge-20260930\0021-proc-hardmix-allocate-csharp,True,858760.4291448571,627.6426854890835,11.4375,11.4209268,829.4146168779263,,True,,,,,,,,,,,,,,,,,,,,,,,,,,,,,,,,,,,
22,processing-controls,proc-hardmix-allocate,"Processing only (one core, no sockets): C# FastJson vs C++ simdjson","HARD mixed frames, retain-allocate",process,retain-allocate,cpp,,1,hardmix,hard,16,64,0,steady,4194304,64,10,5,,0.03162404190866607,0.05111360712434616,,,"{""cpp"": ""aeddcdfc46d1dd5157b06cd27570a6f2985aa0d6ec6110389e4aefb1364bb27c"", ""csharp"": ""e73cad3ad6986ab60960c614ce874161947e2d603f013456a44aec4efba3435a""}",F:\SocketServerClient\results\parser-challenge-20260930\0022-proc-hardmix-allocate-cpp,True,736745.649359771,538.465679359528,11.390625,11.4106137,828.8016244147539,,True,,,,,,,,,,,,,,,,,,,,,,,,,,,,,,,,,,,
23,processing-controls,proc-easy-aggregate,"Processing only (one core, no sockets): C# FastJson vs C++ simdjson",EASY aggregate,process,aggregate,cpp,,1,easy64k,easy,16,64,0,steady,4194304,8,10,5,,0.027787205737891008,0.04358736488690697,,,"{""cpp"": ""aeddcdfc46d1dd5157b06cd27570a6f2985aa0d6ec6110389e4aefb1364bb27c"", ""csharp"": ""e73cad3ad6986ab60960c614ce874161947e2d603f013456a44aec4efba3435a""}",F:\SocketServerClient\results\parser-challenge-20260930\0023-proc-easy-aggregate-cpp,True,4426172.949455457,691.3345443155358,10.359375,10.3693151,0.0,,True,,,,,,,,,,,,,,,,,,,,,,,,,,,,,,,,,,,
24,processing-controls,proc-easy-aggregate,"Processing only (one core, no sockets): C# FastJson vs C++ simdjson",EASY aggregate,process,aggregate,csharp,,1,easy64k,easy,16,64,0,steady,4194304,8,10,5,,0.03099488706174431,0.049295373975069376,True,0,"{""cpp"": ""aeddcdfc46d1dd5157b06cd27570a6f2985aa0d6ec6110389e4aefb1364bb27c"", ""csharp"": ""e73cad3ad6986ab60960c614ce874161947e2d603f013456a44aec4efba3435a""}",F:\SocketServerClient\results\parser-challenge-20260930\0024-proc-easy-aggregate-csharp,True,9540716.007481558,1490.1872630819078,10.296875,10.3083867,0.0,,True,,,,,,,,,,,,,,,,,,,,,,,,,,,,,,,,,,,
25,processing-controls,proc-hardmix-aggregate,"Processing only (one core, no sockets): C# FastJson vs C++ simdjson","HARD mixed frames, aggregate",process,aggregate,cpp,,2,hardmix,hard,16,64,0,steady,4194304,8,10,5,,0.030198926053741575,0.0495277134774694,,,"{""cpp"": ""aeddcdfc46d1dd5157b06cd27570a6f2985aa0d6ec6110389e4aefb1364bb27c"", ""csharp"": ""e73cad3ad6986ab60960c614ce874161947e2d603f013456a44aec4efba3435a""}",F:\SocketServerClient\results\parser-challenge-20260930\0025-proc-hardmix-aggregate-cpp,True,1024756.922886707,748.9646299779022,10.9375,10.9381647,0.0,,True,,,,,,,,,,,,,,,,,,,,,,,,,,,,,,,,,,,
26,processing-controls,proc-hardmix-aggregate,"Processing only (one core, no sockets): C# FastJson vs C++ simdjson","HARD mixed frames, aggregate",process,aggregate,csharp,,2,hardmix,hard,16,64,0,steady,4194304,8,10,5,,0.031227848982823672,0.05548910203780449,True,0,"{""cpp"": ""aeddcdfc46d1dd5157b06cd27570a6f2985aa0d6ec6110389e4aefb1364bb27c"", ""csharp"": ""e73cad3ad6986ab60960c614ce874161947e2d603f013456a44aec4efba3435a""}",F:\SocketServerClient\results\parser-challenge-20260930\0026-proc-hardmix-aggregate-csharp,True,1314411.2227708348,960.6644201321458,10.640625,10.6596777,0.0,,True,,,,,,,,,,,,,,,,,,,,,,,,,,,,,,,,,,,
27,processing-controls,proc-hardmix-reuse,"Processing only (one core, no sockets): C# FastJson vs C++ simdjson","HARD mixed frames, retain-reuse",process,retain-reuse,csharp,,2,hardmix,hard,16,64,0,steady,4194304,64,10,5,,0.02560558913875944,0.0406673796096899,True,0,"{""cpp"": ""aeddcdfc46d1dd5157b06cd27570a6f2985aa0d6ec6110389e4aefb1364bb27c"", ""csharp"": ""e73cad3ad6986ab60960c614ce874161947e2d603f013456a44aec4efba3435a""}",F:\SocketServerClient\results\parser-challenge-20260930\0027-proc-hardmix-reuse-csharp,True,880081.7304892914,643.2257961911782,11.109375,11.1442377,0.0,,True,,,,,,,,,,,,,,,,,,,,,,,,,,,,,,,,,,,
28,processing-controls,proc-hardmix-reuse,"Processing only (one core, no sockets): C# FastJson vs C++ simdjson","HARD mixed frames, retain-reuse",process,retain-reuse,cpp,,2,hardmix,hard,16,64,0,steady,4194304,64,10,5,,0.03506488804457121,0.06385220175618264,,,"{""cpp"": ""aeddcdfc46d1dd5157b06cd27570a6f2985aa0d6ec6110389e4aefb1364bb27c"", ""csharp"": ""e73cad3ad6986ab60960c614ce874161947e2d603f013456a44aec4efba3435a""}",F:\SocketServerClient\results\parser-challenge-20260930\0028-proc-hardmix-reuse-cpp,True,742970.0229140576,543.014890525429,11.3125,11.3150191,0.0078003073731490995,,True,,,,,,,,,,,,,,,,,,,,,,,,,,,,,,,,,,,
29,processing-controls,proc-hard64k-aggregate,"Processing only (one core, no sockets): C# FastJson vs C++ simdjson","HARD content, 64 KiB frames, aggregate",process,aggregate,csharp,,2,hard64k,hard,16,64,0,steady,4194304,8,10,5,,0.02846155599567016,0.05054334722455859,True,0,"{""cpp"": ""aeddcdfc46d1dd5157b06cd27570a6f2985aa0d6ec6110389e4aefb1364bb27c"", ""csharp"": ""e73cad3ad6986ab60960c614ce874161947e2d603f013456a44aec4efba3435a""}",F:\SocketServerClient\results\parser-challenge-20260930\0029-proc-hard64k-aggregate-csharp,True,1312570.343844819,958.9929099777095,10.140625,10.1445443,0.0,,True,,,,,,,,,,,,,,,,,,,,,,,,,,,,,,,,,,,
30,processing-controls,proc-hard64k-aggregate,"Processing only (one core, no sockets): C# FastJson vs C++ simdjson","HARD content, 64 KiB frames, aggregate",process,aggregate,cpp,,2,hard64k,hard,16,64,0,steady,4194304,8,10,5,,0.03412238367755645,0.055216784334654545,,,"{""cpp"": ""aeddcdfc46d1dd5157b06cd27570a6f2985aa0d6ec6110389e4aefb1364bb27c"", ""csharp"": ""e73cad3ad6986ab60960c614ce874161947e2d603f013456a44aec4efba3435a""}",F:\SocketServerClient\results\parser-challenge-20260930\0030-proc-hard64k-aggregate-cpp,True,1022394.9483350235,746.9843511611685,10.265625,10.281917,0.0,,True,,,,,,,,,,,,,,,,,,,,,,,,,,,,,,,,,,,
31,processing-controls,proc-hardmix-allocate,"Processing only (one core, no sockets): C# FastJson vs C++ simdjson","HARD mixed frames, retain-allocate",process,retain-allocate,csharp,,2,hardmix,hard,16,64,0,steady,4194304,64,10,5,,0.06154198615285992,0.0933575777287283,True,0,"{""cpp"": ""aeddcdfc46d1dd5157b06cd27570a6f2985aa0d6ec6110389e4aefb1364bb27c"", ""csharp"": ""e73cad3ad6986ab60960c614ce874161947e2d603f013456a44aec4efba3435a""}",F:\SocketServerClient\results\parser-challenge-20260930\0031-proc-hardmix-allocate-csharp,True,851735.3239671314,622.5082431813706,11.5625,11.5151265,829.4146168779263,,True,,,,,,,,,,,,,,,,,,,,,,,,,,,,,,,,,,,
32,processing-controls,proc-hardmix-allocate,"Processing only (one core, no sockets): C# FastJson vs C++ simdjson","HARD mixed frames, retain-allocate",process,retain-allocate,cpp,,2,hardmix,hard,16,64,0,steady,4194304,64,10,5,,0.03604633837642952,0.05049653619651831,,,"{""cpp"": ""aeddcdfc46d1dd5157b06cd27570a6f2985aa0d6ec6110389e4aefb1364bb27c"", ""csharp"": ""e73cad3ad6986ab60960c614ce874161947e2d603f013456a44aec4efba3435a""}",F:\SocketServerClient\results\parser-challenge-20260930\0032-proc-hardmix-allocate-cpp,True,734788.4289492124,537.0352046509993,11.453125,11.4410076,828.8016244147539,,True,,,,,,,,,,,,,,,,,,,,,,,,,,,,,,,,,,,
33,processing-controls,proc-easy-reuse,"Processing only (one core, no sockets): C# FastJson vs C++ simdjson",EASY retain-reuse,process,retain-reuse,cpp,,2,easy64k,easy,16,64,0,steady,4194304,8,10,5,,0.04304595230050271,0.05640023623610459,,,"{""cpp"": ""aeddcdfc46d1dd5157b06cd27570a6f2985aa0d6ec6110389e4aefb1364bb27c"", ""csharp"": ""e73cad3ad6986ab60960c614ce874161947e2d603f013456a44aec4efba3435a""}",F:\SocketServerClient\results\parser-challenge-20260930\0033-proc-easy-reuse-cpp,True,3252728.7272503865,508.0514833276804,10.078125,10.0786548,0.0,,True,,,,,,,,,,,,,,,,,,,,,,,,,,,,,,,,,,,
34,processing-controls,proc-easy-reuse,"Processing only (one core, no sockets): C# FastJson vs C++ simdjson",EASY retain-reuse,process,retain-reuse,csharp,,2,easy64k,easy,16,64,0,steady,4194304,8,10,5,,0.0390670495137068,0.059678274291013564,True,0,"{""cpp"": ""aeddcdfc46d1dd5157b06cd27570a6f2985aa0d6ec6110389e4aefb1364bb27c"", ""csharp"": ""e73cad3ad6986ab60960c614ce874161947e2d603f013456a44aec4efba3435a""}",F:\SocketServerClient\results\parser-challenge-20260930\0034-proc-easy-reuse-csharp,True,5580338.67957871,871.6064514938429,10.5625,10.5745614,0.0,,True,,,,,,,,,,,,,,,,,,,,,,,,,,,,,,,,,,,
35,processing-controls,proc-easy-aggregate,"Processing only (one core, no sockets): C# FastJson vs C++ simdjson",EASY aggregate,process,aggregate,cpp,,2,easy64k,easy,16,64,0,steady,4194304,8,10,5,,0.031086988572505365,0.05360170977084944,,,"{""cpp"": ""aeddcdfc46d1dd5157b06cd27570a6f2985aa0d6ec6110389e4aefb1364bb27c"", ""csharp"": ""e73cad3ad6986ab60960c614ce874161947e2d603f013456a44aec4efba3435a""}",F:\SocketServerClient\results\parser-challenge-20260930\0035-proc-easy-aggregate-cpp,True,4426985.14355467,691.4614028553822,10.34375,10.3674127,0.0,,True,,,,,,,,,,,,,,,,,,,,,,,,,,,,,,,,,,,
36,processing-controls,proc-easy-aggregate,"Processing only (one core, no sockets): C# FastJson vs C++ simdjson",EASY aggregate,process,aggregate,csharp,,2,easy64k,easy,16,64,0,steady,4194304,8,10,5,,0.024182385148371528,0.043018129665594665,True,0,"{""cpp"": ""aeddcdfc46d1dd5157b06cd27570a6f2985aa0d6ec6110389e4aefb1364bb27c"", ""csharp"": ""e73cad3ad6986ab60960c614ce874161947e2d603f013456a44aec4efba3435a""}",F:\SocketServerClient\results\parser-challenge-20260930\0036-proc-easy-aggregate-csharp,True,9640773.815358676,1505.815531521452,10.203125,10.2014,0.0,,True,,,,,,,,,,,,,,,,,,,,,,,,,,,,,,,,,,,
37,easy-saturation,easy-aggregate-sat,"EASY, closed-loop saturation (16 connections x 4 outstanding)",EASY aggregate,tcp,aggregate,cpp,cpp,0,easy64k,easy,16,64,0,steady,4194304,8,30,15,,0.04391649668432705,0.07840383512743739,,,"{""cpp"": ""aeddcdfc46d1dd5157b06cd27570a6f2985aa0d6ec6110389e4aefb1364bb27c"", ""csharp"": ""e73cad3ad6986ab60960c614ce874161947e2d603f013456a44aec4efba3435a""}",F:\SocketServerClient\results\parser-challenge-20260930\0037-easy-aggregate-sat-cpp,True,14531710.6,2269.7425629933673,,,0.0,partner_excluded,False,closed-loop,1090902,1090902,0,1090902,0,0,0,1.732607,2.056191,2.392063,10.1203,2.056191,1090902,0.0,1090646,79,,,,0.7644625900439522,,3.9614661711248518,109.35617956516717,273.63117379735576,0.0,,,,,15.91015625,0.0,326.655,89.343,1056
38,easy-saturation,easy-aggregate-sat,"EASY, closed-loop saturation (16 connections x 4 outstanding)",EASY aggregate,tcp,aggregate,csharp,cpp,0,easy64k,easy,16,64,0,steady,4194304,8,30,15,,0.040838316402179074,0.07290261601549403,True,0,"{""cpp"": ""aeddcdfc46d1dd5157b06cd27570a6f2985aa0d6ec6110389e4aefb1364bb27c"", ""csharp"": ""e73cad3ad6986ab60960c614ce874161947e2d603f013456a44aec4efba3435a""}",F:\SocketServerClient\results\parser-challenge-20260930\0038-easy-aggregate-sat-csharp,True,19780890.033333335,3089.622108745575,,,0.11446951943499466,client_cpu_over_85pct,False,closed-loop,1484881,1484881,0,1484881,0,0,0,0.179199,1.085439,3.457023,17.4426,1.085439,1484881,0.0,19362,1254,,,,0.9874903912031308,,3.271623659642406,66.34580481533537,166.01044271941436,,0,0,0,0,137.6796875,0.0,10.815,40.191,1442
39,easy-saturation,easy-reuse-sat,"EASY, closed-loop saturation (16 connections x 4 outstanding)",EASY retain-reuse,tcp,retain-reuse,csharp,cpp,0,easy64k,easy,16,64,0,steady,4194304,8,30,15,,0.050637942538641095,0.09191463880112212,True,0,"{""cpp"": ""aeddcdfc46d1dd5157b06cd27570a6f2985aa0d6ec6110389e4aefb1364bb27c"", ""csharp"": ""e73cad3ad6986ab60960c614ce874161947e2d603f013456a44aec4efba3435a""}",F:\SocketServerClient\results\parser-challenge-20260930\0039-easy-reuse-sat-csharp,True,17118608.433333334,2673.7939325968423,,,0.060871524054003756,client_cpu_over_85pct,False,closed-loop,1285088,1285088,0,1285088,0,0,0,1.376255,3.383295,5.505023,11.3099,3.383295,1285088,0.0,1279630,6244,,,,0.8841051499236041,,3.817221263335042,89.47587636021814,223.88644442738394,,0,0,0,0,97.1171875,0.3515625,264.191,69.887,1248
40,easy-saturation,easy-reuse-sat,"EASY, closed-loop saturation (16 connections x 4 outstanding)",EASY retain-reuse,tcp,retain-reuse,cpp,cpp,0,easy64k,easy,16,64,0,steady,4194304,8,30,15,,0.051997734714817674,0.08705187224880716,,,"{""cpp"": ""aeddcdfc46d1dd5157b06cd27570a6f2985aa0d6ec6110389e4aefb1364bb27c"", ""csharp"": ""e73cad3ad6986ab60960c614ce874161947e2d603f013456a44aec4efba3435a""}",F:\SocketServerClient\results\parser-challenge-20260930\0040-easy-reuse-sat-cpp,True,11057921.066666666,1727.1580924987793,,,0.0,partner_excluded,False,closed-loop,830136,830136,0,830136,0,0,0,2.285567,2.719743,3.579903,15.0622,2.719743,830136,0.0,830083,239,,,,0.5867335706150435,,3.956085813163273,143.53822747116135,359.1604218054143,0.0,,,,,21.97265625,0.3515625,429.055,122.111,800
41,easy-saturation,easy-reuse-sat,"EASY, closed-loop saturation (16 connections x 4 outstanding)",EASY retain-reuse,tcp,retain-reuse,csharp,cpp,1,easy64k,easy,16,64,0,steady,4194304,8,30,15,,0.048273414453481024,0.08519805883182084,True,0,"{""cpp"": ""aeddcdfc46d1dd5157b06cd27570a6f2985aa0d6ec6110389e4aefb1364bb27c"", ""csharp"": ""e73cad3ad6986ab60960c614ce874161947e2d603f013456a44aec4efba3435a""}",F:\SocketServerClient\results\parser-challenge-20260930\0041-easy-reuse-sat-csharp,True,17272489.2,2697.834593963623,,,0.06085282979098902,client_cpu_over_85pct,False,closed-loop,1296642,1296642,0,1296642,0,0,0,1.380351,3.366911,5.275647,22.178,3.366911,1296642,0.0,1292636,3762,,,,0.8870209098603102,,3.838633373255646,89.16059714246492,223.09804281653783,,0,0,0,0,97.36328125,0.3515625,265.215,70.143,1261
42,easy-saturation,easy-reuse-sat,"EASY, closed-loop saturation (16 connections x 4 outstanding)",EASY retain-reuse,tcp,retain-reuse,cpp,cpp,1,easy64k,easy,16,64,0,steady,4194304,8,30,15,,0.056281025669357415,0.09353238546216065,,,"{""cpp"": ""aeddcdfc46d1dd5157b06cd27570a6f2985aa0d6ec6110389e4aefb1364bb27c"", ""csharp"": ""e73cad3ad6986ab60960c614ce874161947e2d603f013456a44aec4efba3435a""}",F:\SocketServerClient\results\parser-challenge-20260930\0042-easy-reuse-sat-cpp,True,11052158.1,1726.2675173123678,,,0.0,partner_excluded,False,closed-loop,829708,829708,0,829708,0,0,0,2.277375,2.826239,3.686399,27.6518,2.826239,829708,0.0,829669,244,,,,0.5784436404708871,,3.9521592911226424,143.42395155886166,358.87662220111935,0.0,,,,,21.8828125,0.3515625,428.031,122.111,800
43,easy-saturation,easy-aggregate-sat,"EASY, closed-loop saturation (16 connections x 4 outstanding)",EASY aggregate,tcp,aggregate,cpp,cpp,1,easy64k,easy,16,64,0,steady,4194304,8,30,15,,0.04840426674084386,0.08317263670815846,,,"{""cpp"": ""aeddcdfc46d1dd5157b06cd27570a6f2985aa0d6ec6110389e4aefb1364bb27c"", ""csharp"": ""e73cad3ad6986ab60960c614ce874161947e2d603f013456a44aec4efba3435a""}",F:\SocketServerClient\results\parser-challenge-20260930\0043-easy-aggregate-sat-cpp,True,14616875.466666667,2283.036260509491,,,0.0,partner_excluded,False,closed-loop,1097291,1097291,0,1097291,0,0,0,1.724415,2.007039,2.310143,16.1284,2.007039,1097291,0.0,1096680,114,,,,0.7549300940213272,,3.9606760697688914,108.67673206104853,271.93010860329855,0.0,,,,,15.92578125,0.0,325.631,89.343,1058
44,easy-saturation,easy-aggregate-sat,"EASY, closed-loop saturation (16 connections x 4 outstanding)",EASY aggregate,tcp,aggregate,csharp,cpp,1,easy64k,easy,16,64,0,steady,4194304,8,30,15,,0.06932555822620805,0.12224663599938666,True,0,"{""cpp"": ""aeddcdfc46d1dd5157b06cd27570a6f2985aa0d6ec6110389e4aefb1364bb27c"", ""csharp"": ""e73cad3ad6986ab60960c614ce874161947e2d603f013456a44aec4efba3435a""}",F:\SocketServerClient\results\parser-challenge-20260930\0044-easy-aggregate-sat-csharp,True,19773789.7,3088.5171390851337,,,0.08407743202657883,client_cpu_over_85pct,False,closed-loop,1484363,1484363,0,1484363,0,0,0,0.290815,1.933311,7.536639,109.1072,1.933311,1484363,0.0,206206,3002,,,,0.9812184783226562,,3.1464712645798105,63.82156857857546,159.6945088874285,,0,0,0,0,115.22265625,0.0,64.127,40.319,1440
45,easy-saturation,easy-reuse-sat,"EASY, closed-loop saturation (16 connections x 4 outstanding)",EASY retain-reuse,tcp,retain-reuse,cpp,cpp,2,easy64k,easy,16,64,0,steady,4194304,8,30,15,,0.07086785720963558,0.12037088107338749,,,"{""cpp"": ""aeddcdfc46d1dd5157b06cd27570a6f2985aa0d6ec6110389e4aefb1364bb27c"", ""csharp"": ""e73cad3ad6986ab60960c614ce874161947e2d603f013456a44aec4efba3435a""}",F:\SocketServerClient\results\parser-challenge-20260930\0045-easy-reuse-sat-cpp,True,11092681.333333334,1732.5804952303567,,,0.0,partner_excluded,False,closed-loop,832742,832742,0,832742,0,0,0,2.277375,2.629631,3.710975,18.6238,2.629631,832742,0.0,832696,232,,,,0.5732246844117258,,3.945052155737101,142.6950063765248,357.0492665721858,0.0,,,,,21.91796875,0.3515625,427.007,122.111,800
46,easy-saturation,easy-reuse-sat,"EASY, closed-loop saturation (16 connections x 4 outstanding)",EASY retain-reuse,tcp,retain-reuse,csharp,cpp,2,easy64k,easy,16,64,0,steady,4194304,8,30,15,,0.04950557962408149,0.09557914486811665,True,0,"{""cpp"": ""aeddcdfc46d1dd5157b06cd27570a6f2985aa0d6ec6110389e4aefb1364bb27c"", ""csharp"": ""e73cad3ad6986ab60960c614ce874161947e2d603f013456a44aec4efba3435a""}",F:\SocketServerClient\results\parser-challenge-20260930\0046-easy-reuse-sat-csharp,True,16927103.5,2643.8831305503845,,,0.06091580129704103,client_cpu_over_85pct,False,closed-loop,1270714,1270714,0,1270714,0,0,0,1.384447,3.399679,5.488639,19.3912,3.399679,1270714,0.0,1265001,6016,,,,0.8562690947696825,,3.8047475271831175,90.15600678043997,225.58837080148513,,0,0,0,0,95.95703125,0.3515625,265.215,70.399,1232
47,easy-saturation,easy-aggregate-sat,"EASY, closed-loop saturation (16 connections x 4 outstanding)",EASY aggregate,tcp,aggregate,cpp,cpp,2,easy64k,easy,16,64,0,steady,4194304,8,30,15,,0.0544137701910213,0.08962730653676419,,,"{""cpp"": ""aeddcdfc46d1dd5157b06cd27570a6f2985aa0d6ec6110389e4aefb1364bb27c"", ""csharp"": ""e73cad3ad6986ab60960c614ce874161947e2d603f013456a44aec4efba3435a""}",F:\SocketServerClient\results\parser-challenge-20260930\0047-easy-aggregate-sat-cpp,True,14506153.733333332,2265.7640822728476,,,0.0,partner_excluded,False,closed-loop,1088990,1088990,0,1088990,0,0,0,1.732607,2.068479,2.506751,9.1811,2.068479,1088990,0.0,1088452,144,,,,0.7493521819250741,,3.9641022820263383,109.60557489049486,274.256761834606,0.0,,,,,15.9140625,0.0,327.679,89.343,1056
48,easy-saturation,easy-aggregate-sat,"EASY, closed-loop saturation (16 connections x 4 outstanding)",EASY aggregate,tcp,aggregate,csharp,cpp,2,easy64k,easy,16,64,0,steady,4194304,8,30,15,,0.04281279569348753,0.08350586749927104,True,0,"{""cpp"": ""aeddcdfc46d1dd5157b06cd27570a6f2985aa0d6ec6110389e4aefb1364bb27c"", ""csharp"": ""e73cad3ad6986ab60960c614ce874161947e2d603f013456a44aec4efba3435a""}",F:\SocketServerClient\results\parser-challenge-20260930\0048-easy-aggregate-sat-csharp,True,20297804.233333334,3170.3626597722373,,,0.105395348925201,client_cpu_over_85pct,False,closed-loop,1523683,1523683,0,1523683,0,0,0,0.175615,1.204223,3.178495,23.8593,1.204223,1523683,0.0,29199,1275,,,,0.9878582475978235,,3.288868044963224,64.9843996421828,162.60407350430881,,0,0,0,0,132.859375,0.0,10.527,39.295,1480
49,easy-saturation,easy-aggregate-sat,"EASY, closed-loop saturation (16 connections x 4 outstanding)",EASY aggregate,tcp,aggregate,csharp,cpp,3,easy64k,easy,16,64,0,steady,4194304,8,30,15,,0.049723279897587874,0.08944226647145256,True,0,"{""cpp"": ""aeddcdfc46d1dd5157b06cd27570a6f2985aa0d6ec6110389e4aefb1364bb27c"", ""csharp"": ""e73cad3ad6986ab60960c614ce874161947e2d603f013456a44aec4efba3435a""}",F:\SocketServerClient\results\parser-challenge-20260930\0049-easy-aggregate-sat-csharp,True,20272912.233333334,3166.471590836843,,,0.0958197265377838,client_cpu_over_85pct,False,closed-loop,1521821,1521821,0,1521821,0,0,0,0.188415,1.249279,2.883583,14.9221,1.249279,1521821,0.0,44834,1226,,,,0.9873729843946413,,3.250550145673143,64.30412972353515,160.90175238599494,,0,0,0,0,124.4609375,0.0,11.007,39.935,1478
50,easy-saturation,easy-aggregate-sat,"EASY, closed-loop saturation (16 connections x 4 outstanding)",EASY aggregate,tcp,aggregate,cpp,cpp,3,easy64k,easy,16,64,0,steady,4194304,8,30,15,,0.049102079988516,0.08614073503031286,,,"{""cpp"": ""aeddcdfc46d1dd5157b06cd27570a6f2985aa0d6ec6110389e4aefb1364bb27c"", ""csharp"": ""e73cad3ad6986ab60960c614ce874161947e2d603f013456a44aec4efba3435a""}",F:\SocketServerClient\results\parser-challenge-20260930\0050-easy-aggregate-sat-cpp,True,14474167.833333334,2260.759866523743,,,0.0,partner_excluded,False,closed-loop,1086585,1086585,0,1086585,0,0,0,1.732607,2.129919,2.703359,24.8153,2.129919,1086585,0.0,1085807,201,,,,0.7453616380170148,,3.950039000065565,109.45991339839958,273.8913694290061,0.0,,,,,15.90234375,0.0,326.655,89.343,1056
51,easy-saturation,easy-reuse-sat,"EASY, closed-loop saturation (16 connections x 4 outstanding)",EASY retain-reuse,tcp,retain-reuse,cpp,cpp,3,easy64k,easy,16,64,0,steady,4194304,8,30,15,,0.04981261244447877,0.08556268984169138,,,"{""cpp"": ""aeddcdfc46d1dd5157b06cd27570a6f2985aa0d6ec6110389e4aefb1364bb27c"", ""csharp"": ""e73cad3ad6986ab60960c614ce874161947e2d603f013456a44aec4efba3435a""}",F:\SocketServerClient\results\parser-challenge-20260930\0051-easy-reuse-sat-cpp,True,11102398.833333334,1734.1306340853373,,,0.0,,True,closed-loop,833487,833487,0,833487,0,0,0,2.277375,2.662399,3.358719,12.984,2.662399,833487,0.0,833421,143,,,,0.5661873376822874,,3.945940422801546,142.58620710341012,356.7836723074555,0.0,,,,,21.8828125,0.3515625,428.031,122.367,800
52,easy-saturation,easy-reuse-sat,"EASY, closed-loop saturation (16 connections x 4 outstanding)",EASY retain-reuse,tcp,retain-reuse,csharp,cpp,3,easy64k,easy,16,64,0,steady,4194304,8,30,15,,0.04377543148664825,0.08022284832294457,True,0,"{""cpp"": ""aeddcdfc46d1dd5157b06cd27570a6f2985aa0d6ec6110389e4aefb1364bb27c"", ""csharp"": ""e73cad3ad6986ab60960c614ce874161947e2d603f013456a44aec4efba3435a""}",F:\SocketServerClient\results\parser-challenge-20260930\0052-easy-reuse-sat-csharp,True,16792406.033333335,2622.8491943359377,,,0.0609249391623935,,True,closed-loop,1260605,1260605,0,1260605,0,0,0,1.388543,3.432447,5.767167,21.495,3.432447,1260605,0.0,1255520,5717,,,,0.843863165820253,,3.757083810559596,89.75105207420246,224.57548154015024,,0,0,0,0,96.0390625,0.3515625,265.215,70.399,1224
53,easy-saturation,easy-reuse-sat,"EASY, closed-loop saturation (16 connections x 4 outstanding)",EASY retain-reuse,tcp,retain-reuse,cpp,cpp,4,easy64k,easy,16,64,0,steady,4194304,8,30,15,,0.055048250332380456,0.0858002236687793,,,"{""cpp"": ""aeddcdfc46d1dd5157b06cd27570a6f2985aa0d6ec6110389e4aefb1364bb27c"", ""csharp"": ""e73cad3ad6986ab60960c614ce874161947e2d603f013456a44aec4efba3435a""}",F:\SocketServerClient\results\parser-challenge-20260930\0053-easy-reuse-sat-cpp,True,11176671.433333334,1745.7203148841859,,,0.0,partner_excluded,False,closed-loop,839057,839057,0,839057,0,0,0,2.260991,2.646015,3.407871,13.4818,2.646015,839057,0.0,839023,148,,,,0.5837510138774409,,3.958961286511598,142.0865924484272,355.5312224623129,0.0,,,,,21.91015625,0.3515625,425.983,121.855,816
54,easy-saturation,easy-reuse-sat,"EASY, closed-loop saturation (16 connections x 4 outstanding)",EASY retain-reuse,tcp,retain-reuse,csharp,cpp,4,easy64k,easy,16,64,0,steady,4194304,8,30,15,,0.0492775468197651,0.08660616533913783,True,0,"{""cpp"": ""aeddcdfc46d1dd5157b06cd27570a6f2985aa0d6ec6110389e4aefb1364bb27c"", ""csharp"": ""e73cad3ad6986ab60960c614ce874161947e2d603f013456a44aec4efba3435a""}",F:\SocketServerClient\results\parser-challenge-20260930\0054-easy-reuse-sat-csharp,True,17468233.066666666,2728.4026088078817,,,0.060814993953127866,client_cpu_over_85pct,False,closed-loop,1311334,1311334,0,1311334,0,0,0,1.359871,3.375103,5.685247,12.9527,3.375103,1311334,0.0,1307835,4950,,,,0.8840671945479226,,3.8468512701726616,88.35230002425011,221.07504761744843,,0,0,0,0,97.07421875,0.3515625,261.631,69.631,1274
55,easy-saturation,easy-aggregate-sat,"EASY, closed-loop saturation (16 connections x 4 outstanding)",EASY aggregate,tcp,aggregate,cpp,cpp,4,easy64k,easy,16,64,0,steady,4194304,8,30,15,,0.041582638532153715,0.07271624791109904,,,"{""cpp"": ""aeddcdfc46d1dd5157b06cd27570a6f2985aa0d6ec6110389e4aefb1364bb27c"", ""csharp"": ""e73cad3ad6986ab60960c614ce874161947e2d603f013456a44aec4efba3435a""}",F:\SocketServerClient\results\parser-challenge-20260930\0055-easy-aggregate-sat-cpp,True,14474004.3,2260.728866831462,,,0.0,partner_excluded,False,closed-loop,1086570,1086570,0,1086570,0,0,0,1.732607,2.138111,2.752511,32.7034,2.138111,1086570,0.0,1086024,220,,,,0.7343929267112206,,3.964192813649501,109.86406766246077,274.9019945891596,0.0,,,,,15.90234375,0.0,327.679,89.599,1056
56,easy-saturation,easy-aggregate-sat,"EASY, closed-loop saturation (16 connections x 4 outstanding)",EASY aggregate,tcp,aggregate,csharp,cpp,4,easy64k,easy,16,64,0,steady,4194304,8,30,15,,0.04041522807454571,0.07383645204617889,True,0,"{""cpp"": ""aeddcdfc46d1dd5157b06cd27570a6f2985aa0d6ec6110389e4aefb1364bb27c"", ""csharp"": ""e73cad3ad6986ab60960c614ce874161947e2d603f013456a44aec4efba3435a""}",F:\SocketServerClient\results\parser-challenge-20260930\0056-easy-aggregate-sat-csharp,True,20359484.233333334,3180.000402291616,,,0.09417223235019348,client_cpu_over_85pct,False,closed-loop,1528317,1528317,0,1528317,0,0,0,0.198655,1.359871,2.924543,30.6088,1.359871,1528317,0.0,72846,1041,,,,0.9884642517031098,,3.22115635917556,63.45828450511249,158.78562973733844,,0,0,0,0,123.99609375,0.0,13.631,39.807,1486
57,easy-saturation-4-client-cores,easy-aggregate-sat-4c,EASY saturation with a fourth load-generator core,"EASY aggregate, 4 client cores",tcp,aggregate,csharp,cpp,0,easy64k,easy,16,64,0,steady,4194304,8,30,15,,0.05361145485273945,0.12049286606800853,True,0,"{""cpp"": ""aeddcdfc46d1dd5157b06cd27570a6f2985aa0d6ec6110389e4aefb1364bb27c"", ""csharp"": ""e73cad3ad6986ab60960c614ce874161947e2d603f013456a44aec4efba3435a""}",F:\SocketServerClient\results\parser-challenge-20260930\0057-easy-aggregate-sat-4c-csharp,True,25168770.1,3931.1702436447144,,,0.07675038123235277,client_cpu_over_85pct,False,closed-loop,1889348,1889348,0,1889348,0,0,0,0.509951,2.572287,4.751359,84.67,2.572287,1889348,0.0,349673,1161,,,,0.9454159040602286,,3.7832468117830773,60.28865513394039,150.854360629506,,0,0,0,0,120.421875,0.0,114.175,39.551,1838
58,easy-saturation-4-client-cores,easy-aggregate-sat-4c,EASY saturation with a fourth load-generator core,"EASY aggregate, 4 client cores",tcp,aggregate,cpp,cpp,0,easy64k,easy,16,64,0,steady,4194304,8,30,15,,0.0521523577999497,0.09181841500133481,,,"{""cpp"": ""aeddcdfc46d1dd5157b06cd27570a6f2985aa0d6ec6110389e4aefb1364bb27c"", ""csharp"": ""e73cad3ad6986ab60960c614ce874161947e2d603f013456a44aec4efba3435a""}",F:\SocketServerClient\results\parser-challenge-20260930\0058-easy-aggregate-sat-4c-cpp,True,14606142.366666667,2281.357161998749,,,0.0,partner_excluded,False,closed-loop,1096484,1096484,0,1096484,0,0,0,1.720319,2.060287,2.433023,37.6237,2.060287,1096484,0.0,1096378,54,,,,0.5687423959673437,,3.950602805522777,108.51446532735544,271.5237674159074,0.0,,,,,15.90234375,0.0,326.655,89.343,1056
59,easy-saturation-4-client-cores,easy-reuse-sat-4c,EASY saturation with a fourth load-generator core,"EASY retain-reuse, 4 client cores",tcp,retain-reuse,csharp,cpp,0,easy64k,easy,16,64,0,steady,4194304,8,30,15,,0.06547880414238232,0.11718775954165493,True,0,"{""cpp"": ""aeddcdfc46d1dd5157b06cd27570a6f2985aa0d6ec6110389e4aefb1364bb27c"", ""csharp"": ""e73cad3ad6986ab60960c614ce874161947e2d603f013456a44aec4efba3435a""}",F:\SocketServerClient\results\parser-challenge-20260930\0059-easy-reuse-sat-4c-csharp,True,16717008.4,2611.061876265208,,,0.0607810816974478,,True,closed-loop,1254939,1254939,0,1254939,0,0,0,1.409023,2.433023,32.899071,70.5314,2.433023,1254939,0.0,1254593,2287,,,,0.665030949472501,,3.8104909388305708,91.46360898816596,228.85971849189397,,0,0,0,0,96.578125,0.3515625,268.287,70.911,1216
60,easy-saturation-4-client-cores,easy-reuse-sat-4c,EASY saturation with a fourth load-generator core,"EASY retain-reuse, 4 client cores",tcp,retain-reuse,cpp,cpp,0,easy64k,easy,16,64,0,steady,4194304,8,30,15,,0.04627641855082476,0.07523080618421264,,,"{""cpp"": ""aeddcdfc46d1dd5157b06cd27570a6f2985aa0d6ec6110389e4aefb1364bb27c"", ""csharp"": ""e73cad3ad6986ab60960c614ce874161947e2d603f013456a44aec4efba3435a""}",F:\SocketServerClient\results\parser-challenge-20260930\0060-easy-reuse-sat-4c-cpp,True,11218114.3,1752.172679678599,,,0.0,,True,closed-loop,842158,842158,0,842158,0,0,0,2.260991,2.555903,3.276799,13.6303,2.555903,842158,0.0,842122,99,,,,0.4355178679666156,,3.9675589537426847,141.89736367759969,355.05355057294236,0.0,,,,,21.84765625,0.3515625,425.983,121.855,816
61,easy-saturation-4-client-cores,easy-reuse-sat-4c,EASY saturation with a fourth load-generator core,"EASY retain-reuse, 4 client cores",tcp,retain-reuse,cpp,cpp,1,easy64k,easy,16,64,0,steady,4194304,8,30,15,,0.05095749297805092,0.07898381891977296,,,"{""cpp"": ""aeddcdfc46d1dd5157b06cd27570a6f2985aa0d6ec6110389e4aefb1364bb27c"", ""csharp"": ""e73cad3ad6986ab60960c614ce874161947e2d603f013456a44aec4efba3435a""}",F:\SocketServerClient\results\parser-challenge-20260930\0061-easy-reuse-sat-4c-cpp,True,11097745.633333333,1733.3856259346007,,,0.0,,True,closed-loop,833129,833129,0,833129,0,0,0,2.269183,2.736127,4.112383,27.2117,2.736127,833129,0.0,833087,329,,,,0.44109933528800327,,3.9620268404426384,143.1913605215999,358.29399524620015,0.0,,,,,21.921875,0.3515625,425.983,122.111,800
62,easy-saturation-4-client-cores,easy-reuse-sat-4c,EASY saturation with a fourth load-generator core,"EASY retain-reuse, 4 client cores",tcp,retain-reuse,csharp,cpp,1,easy64k,easy,16,64,0,steady,4194304,8,30,15,,0.06975034707562836,0.13132423176249677,True,0,"{""cpp"": ""aeddcdfc46d1dd5157b06cd27570a6f2985aa0d6ec6110389e4aefb1364bb27c"", ""csharp"": ""e73cad3ad6986ab60960c614ce874161947e2d603f013456a44aec4efba3435a""}",F:\SocketServerClient\results\parser-challenge-20260930\0062-easy-reuse-sat-4c-csharp,True,16942875.4,2646.3445813496905,,,0.0607784064902552,,True,closed-loop,1271897,1271897,0,1271897,0,0,0,1.384447,3.375103,5.341183,37.5209,3.375103,1271897,0.0,1271587,3944,,,,0.6692416627683031,,3.795682606393002,89.85102567267633,224.82507716336008,,0,0,0,0,97.0,0.3515625,263.167,69.631,1232
63,easy-saturation-4-client-cores,easy-aggregate-sat-4c,EASY saturation with a fourth load-generator core,"EASY aggregate, 4 client cores",tcp,aggregate,cpp,cpp,1,easy64k,easy,16,64,0,steady,4194304,8,30,15,,0.054222320169509675,0.11154505215520777,,,"{""cpp"": ""aeddcdfc46d1dd5157b06cd27570a6f2985aa0d6ec6110389e4aefb1364bb27c"", ""csharp"": ""e73cad3ad6986ab60960c614ce874161947e2d603f013456a44aec4efba3435a""}",F:\SocketServerClient\results\parser-challenge-20260930\0063-easy-aggregate-sat-4c-cpp,True,14567797.2,2275.38957417806,,,0.0,partner_excluded,False,closed-loop,1093616,1093616,0,1093616,0,0,0,1.724415,2.097151,2.531327,15.6268,2.097151,1093616,0.0,1093484,139,,,,0.5626807131689607,,3.965279985612277,109.17051780515281,273.1679200678104,0.0,,,,,15.90234375,0.0,325.631,89.343,1056
64,easy-saturation-4-client-cores,easy-aggregate-sat-4c,EASY saturation with a fourth load-generator core,"EASY aggregate, 4 client cores",tcp,aggregate,csharp,cpp,1,easy64k,easy,16,64,0,steady,4194304,8,30,15,,0.040337194234379085,0.09253795535148517,True,0,"{""cpp"": ""aeddcdfc46d1dd5157b06cd27570a6f2985aa0d6ec6110389e4aefb1364bb27c"", ""csharp"": ""e73cad3ad6986ab60960c614ce874161947e2d603f013456a44aec4efba3435a""}",F:\SocketServerClient\results\parser-challenge-20260930\0064-easy-aggregate-sat-4c-csharp,True,25206224.933333334,3937.021447753906,,,0.07489125727609659,client_cpu_over_85pct,False,closed-loop,1892183,1892183,0,1892183,0,0,0,0.534527,2.580479,4.669439,15.8414,2.580479,1892183,0.0,359395,602,,,,0.9430137200206044,,3.777259130456985,60.10749224572888,150.40108447956788,,0,0,0,0,118.984375,0.0,116.991,40.191,1839
65,easy-saturation-4-client-cores,easy-aggregate-sat-4c,EASY saturation with a fourth load-generator core,"EASY aggregate, 4 client cores",tcp,aggregate,cpp,cpp,2,easy64k,easy,16,64,0,steady,4194304,8,30,15,,0.06351806598155992,0.1257190190091174,,,"{""cpp"": ""aeddcdfc46d1dd5157b06cd27570a6f2985aa0d6ec6110389e4aefb1364bb27c"", ""csharp"": ""e73cad3ad6986ab60960c614ce874161947e2d603f013456a44aec4efba3435a""}",F:\SocketServerClient\results\parser-challenge-20260930\0065-easy-aggregate-sat-4c-cpp,True,14273489.166666666,2229.4304111480715,,,0.0,partner_excluded,False,closed-loop,1071528,1071528,0,1071528,0,0,0,1.732607,2.392063,4.833279,28.473,2.392063,1071528,0.0,1070984,959,,,,0.5702206676736897,,3.9328404113580224,110.5314093518788,276.57437453833387,0.0,,,,,15.90234375,0.0,328.703,89.343,1040
66,easy-saturation-4-client-cores,easy-aggregate-sat-4c,EASY saturation with a fourth load-generator core,"EASY aggregate, 4 client cores",tcp,aggregate,csharp,cpp,2,easy64k,easy,16,64,0,steady,4194304,8,30,15,,0.05511241798052868,0.13116710808541646,True,0,"{""cpp"": ""aeddcdfc46d1dd5157b06cd27570a6f2985aa0d6ec6110389e4aefb1364bb27c"", ""csharp"": ""e73cad3ad6986ab60960c614ce874161947e2d603f013456a44aec4efba3435a""}",F:\SocketServerClient\results\parser-challenge-20260930\0066-easy-aggregate-sat-4c-csharp,True,25890357.0,4043.8773140271505,,,0.07824523986517964,client_cpu_over_85pct,False,closed-loop,1943515,1943515,0,1943515,0,0,0,0.459775,2.457599,4.603903,23.1878,2.457599,1943515,0.0,211031,1138,,,,0.9631895686368545,,3.8995130671599565,60.425311870502675,151.19632752781837,,0,0,0,0,123.515625,0.0,98.559,39.935,1889
67,easy-saturation-4-client-cores,easy-reuse-sat-4c,EASY saturation with a fourth load-generator core,"EASY retain-reuse, 4 client cores",tcp,retain-reuse,cpp,cpp,2,easy64k,easy,16,64,0,steady,4194304,8,30,15,,0.03245292612197534,0.060318068267058184,,,"{""cpp"": ""aeddcdfc46d1dd5157b06cd27570a6f2985aa0d6ec6110389e4aefb1364bb27c"", ""csharp"": ""e73cad3ad6986ab60960c614ce874161947e2d603f013456a44aec4efba3435a""}",F:\SocketServerClient\results\parser-challenge-20260930\0067-easy-reuse-sat-4c-cpp,True,11235504.4,1754.9066161155702,,,0.0,,True,closed-loop,843472,843472,0,843472,0,0,0,2.252799,2.531327,2.785279,17.9097,2.531327,843472,0.0,843431,10,,,,0.4323058150990945,,3.968344975012789,141.6948339719635,354.5502502051428,0.0,,,,,21.84765625,0.3515625,427.007,122.367,816
68,easy-saturation-4-client-cores,easy-reuse-sat-4c,EASY saturation with a fourth load-generator core,"EASY retain-reuse, 4 client cores",tcp,retain-reuse,csharp,cpp,2,easy64k,easy,16,64,0,steady,4194304,8,30,15,,0.0458211888182213,0.0878712264946453,True,0,"{""cpp"": ""aeddcdfc46d1dd5157b06cd27570a6f2985aa0d6ec6110389e4aefb1364bb27c"", ""csharp"": ""e73cad3ad6986ab60960c614ce874161947e2d603f013456a44aec4efba3435a""}",F:\SocketServerClient\results\parser-challenge-20260930\0068-easy-reuse-sat-4c-csharp,True,17158763.2,2680.0651405334474,,,0.060760588224017066,,True,closed-loop,1288103,1288103,0,1288103,0,0,0,1.388543,3.366911,5.242879,17.6222,3.366911,1288103,0.0,1287587,2211,,,,0.6615213736914553,,3.819750780973137,89.29070501349659,223.423095056217,,0,0,0,0,97.25,0.3515625,265.215,70.399,1248
69,hard-saturation,hard-aggregate-sat,"HARD, closed-loop saturation (16 x 4, 4 KiB-1 MiB frames)",HARD aggregate,tcp,aggregate,csharp,cpp,0,hardmix,hard,16,64,0,steady,4194304,64,60,20,,0.0476444159539696,0.08738386673379828,True,0,"{""cpp"": ""aeddcdfc46d1dd5157b06cd27570a6f2985aa0d6ec6110389e4aefb1364bb27c"", ""csharp"": ""e73cad3ad6986ab60960c614ce874161947e2d603f013456a44aec4efba3435a""}",F:\SocketServerClient\results\parser-challenge-20260930\0069-hard-aggregate-sat-csharp,True,4024758.9,2941.7182018438975,,,0.29555586876725143,client_cpu_over_85pct,False,closed-loop,995745,995745,0,995745,0,0,0,0.950271,5.160959,8.273919,18.0224,5.160959,995745,0.0,466628,11668,,,,0.9893750767238714,,3.6782007111518666,222.0542156877514,915.601229397822,,0,0,0,0,142.12890625,0.0,166.911,59.903,966
70,hard-saturation,hard-aggregate-sat,"HARD, closed-loop saturation (16 x 4, 4 KiB-1 MiB frames)",HARD aggregate,tcp,aggregate,cpp,cpp,0,hardmix,hard,16,64,0,steady,4194304,64,60,20,,0.04665785989500329,0.08712652874923957,,,"{""cpp"": ""aeddcdfc46d1dd5157b06cd27570a6f2985aa0d6ec6110389e4aefb1364bb27c"", ""csharp"": ""e73cad3ad6986ab60960c614ce874161947e2d603f013456a44aec4efba3435a""}",F:\SocketServerClient\results\parser-challenge-20260930\0070-hard-aggregate-sat-cpp,True,3467493.0166666666,2534.3069612344107,,,0.0,client_cpu_over_85pct,False,closed-loop,857654,857654,0,857654,0,0,0,4.079615,6.488063,7.503871,16.4227,6.488063,857654,0.0,855931,143302,,,,0.8797351969291088,,3.9559102674243083,277.28256383110204,1142.984140217615,0.0,,,,,41.91015625,0.0,823.295,70.655,831
71,hard-saturation,hard-allocate-sat,"HARD, closed-loop saturation (16 x 4, 4 KiB-1 MiB frames)","HARD retain-allocate, 64 batches",tcp,retain-allocate,cpp,cpp,0,hardmix,hard,16,64,0,steady,4194304,64,60,20,,0.07723559977442629,0.14099813367035202,,,"{""cpp"": ""aeddcdfc46d1dd5157b06cd27570a6f2985aa0d6ec6110389e4aefb1364bb27c"", ""csharp"": ""e73cad3ad6986ab60960c614ce874161947e2d603f013456a44aec4efba3435a""}",F:\SocketServerClient\results\parser-challenge-20260930\0071-hard-allocate-sat-cpp,True,2399541.6333333333,1753.772989432017,,,828.8488483450614,,True,closed-loop,593507,593507,0,593507,0,0,0,6.307839,9.306111,10.551295,39.8932,9.306111,593507,0.0,593500,533385,,,,0.6745929832802459,,3.92474533318646,398.1366268637101,1641.0604718849497,14.010476708783553,,,,,200.9140625,12.587779998779297,1232.895,196.607,574
72,hard-saturation,hard-allocate-sat,"HARD, closed-loop saturation (16 x 4, 4 KiB-1 MiB frames)","HARD retain-allocate, 64 batches",tcp,retain-allocate,csharp,cpp,0,hardmix,hard,16,64,0,steady,4194304,64,60,20,,0.09311691182554496,0.17159555923462882,True,0,"{""cpp"": ""aeddcdfc46d1dd5157b06cd27570a6f2985aa0d6ec6110389e4aefb1364bb27c"", ""csharp"": ""e73cad3ad6986ab60960c614ce874161947e2d603f013456a44aec4efba3435a""}",F:\SocketServerClient\results\parser-challenge-20260930\0072-hard-allocate-sat-csharp,True,2673771.8666666667,1954.2009978135427,,,829.5654471791393,,True,closed-loop,661366,661366,0,661366,0,0,0,5.390335,13.074431,16.318463,37.0596,13.074431,661366,0.0,661272,418447,,,,0.7437473662137242,,3.8135661687475317,347.07994514383864,1430.7211099600088,,161,161,0,1217.299,1017.265625,12.587779998779297,1023.999,195.071,640
73,hard-saturation,hard-reuse-sat,"HARD, closed-loop saturation (16 x 4, 4 KiB-1 MiB frames)","HARD retain-reuse, 64 batches",tcp,retain-reuse,cpp,cpp,0,hardmix,hard,16,64,0,steady,4194304,64,60,20,,0.04357581239136315,0.07691518225222688,,,"{""cpp"": ""aeddcdfc46d1dd5157b06cd27570a6f2985aa0d6ec6110389e4aefb1364bb27c"", ""csharp"": ""e73cad3ad6986ab60960c614ce874161947e2d603f013456a44aec4efba3435a""}",F:\SocketServerClient\results\parser-challenge-20260930\0073-hard-reuse-sat-cpp,True,2542159.8333333335,1857.9899431228637,,,0.021493122341789135,,True,closed-loop,628795,628795,0,628795,0,0,0,5.963775,8.683519,9.764863,20.2134,8.683519,628795,0.0,628783,526085,,,,0.6760110438197087,,3.966728991547157,379.79389149086745,1565.4826623708784,7.951717173323579e-05,,,,,702.8515625,42.65625,1155.071,231.935,608
74,hard-saturation,hard-reuse-sat,"HARD, closed-loop saturation (16 x 4, 4 KiB-1 MiB frames)","HARD retain-reuse, 64 batches",tcp,retain-reuse,csharp,cpp,0,hardmix,hard,16,64,0,steady,4194304,64,60,20,,0.0366697849684768,0.06502603540861596,True,0,"{""cpp"": ""aeddcdfc46d1dd5157b06cd27570a6f2985aa0d6ec6110389e4aefb1364bb27c"", ""csharp"": ""e73cad3ad6986ab60960c614ce874161947e2d603f013456a44aec4efba3435a""}",F:\SocketServerClient\results\parser-challenge-20260930\0074-hard-reuse-sat-csharp,True,2896438.0166666666,2116.934060573578,,,0.12470256508338143,,True,closed-loop,716335,716335,0,716335,0,0,0,5.029887,9.011199,11.042815,21.9042,9.011199,716335,0.0,716187,366209,,,,0.7614332304454994,,3.90076711885083,327.8406751031291,1351.2249872378193,,0,0,0,0,881.72265625,42.65625,952.319,197.119,693
75,hard-saturation,hard-reuse-sat,"HARD, closed-loop saturation (16 x 4, 4 KiB-1 MiB frames)","HARD retain-reuse, 64 batches",tcp,retain-reuse,csharp,cpp,1,hardmix,hard,16,64,0,steady,4194304,64,60,20,,0.050256148316479975,0.0928649501670589,True,0,"{""cpp"": ""aeddcdfc46d1dd5157b06cd27570a6f2985aa0d6ec6110389e4aefb1364bb27c"", ""csharp"": ""e73cad3ad6986ab60960c614ce874161947e2d603f013456a44aec4efba3435a""}",F:\SocketServerClient\results\parser-challenge-20260930\0075-hard-reuse-sat-csharp,True,2897784.2666666666,2117.9263087908425,,,0.12318153082410907,,True,closed-loop,716738,716738,0,716738,0,0,0,5.046271,8.847359,10.977279,19.7036,8.847359,716738,0.0,716590,369711,,,,0.7699903399842742,,3.881724444747504,326.0213285747372,1343.8523398146558,,0,0,0,0,876.08203125,42.65625,954.367,156.671,694
76,hard-saturation,hard-reuse-sat,"HARD, closed-loop saturation (16 x 4, 4 KiB-1 MiB frames)","HARD retain-reuse, 64 batches",tcp,retain-reuse,cpp,cpp,1,hardmix,hard,16,64,0,steady,4194304,64,60,20,,0.03885636517685384,0.06893436952834392,,,"{""cpp"": ""aeddcdfc46d1dd5157b06cd27570a6f2985aa0d6ec6110389e4aefb1364bb27c"", ""csharp"": ""e73cad3ad6986ab60960c614ce874161947e2d603f013456a44aec4efba3435a""}",F:\SocketServerClient\results\parser-challenge-20260930\0076-hard-reuse-sat-cpp,True,2540595.0833333335,1856.8614492893219,,,0.021937223891864928,,True,closed-loop,628364,628364,0,628364,0,0,0,5.963775,8.716287,9.797631,33.8646,8.716287,628364,0.0,628352,526032,,,,0.6914428171363903,,3.970272341758242,380.32792298731306,1567.6268726970038,8.116314747503039e-05,,,,,702.8359375,42.65625,1105.919,211.967,608
77,hard-saturation,hard-aggregate-sat,"HARD, closed-loop saturation (16 x 4, 4 KiB-1 MiB frames)",HARD aggregate,tcp,aggregate,cpp,cpp,1,hardmix,hard,16,64,0,steady,4194304,64,60,20,,0.03929744382238585,0.07178131126285305,,,"{""cpp"": ""aeddcdfc46d1dd5157b06cd27570a6f2985aa0d6ec6110389e4aefb1364bb27c"", ""csharp"": ""e73cad3ad6986ab60960c614ce874161947e2d603f013456a44aec4efba3435a""}",F:\SocketServerClient\results\parser-challenge-20260930\0077-hard-aggregate-sat-cpp,True,3463615.8666666667,2531.4785149415334,,,0.0,client_cpu_over_85pct,False,closed-loop,856740,856740,0,856740,0,0,0,4.079615,6.504447,7.536639,29.1451,6.504447,856740,0.0,854920,144251,,,,0.8817555152697942,,3.961752173837383,277.97960874944556,1145.8906569357064,0.0,,,,,41.83203125,0.0,835.583,76.799,826
78,hard-saturation,hard-aggregate-sat,"HARD, closed-loop saturation (16 x 4, 4 KiB-1 MiB frames)",HARD aggregate,tcp,aggregate,csharp,cpp,1,hardmix,hard,16,64,0,steady,4194304,64,60,20,,0.03875064601282311,0.07599188759135267,True,0,"{""cpp"": ""aeddcdfc46d1dd5157b06cd27570a6f2985aa0d6ec6110389e4aefb1364bb27c"", ""csharp"": ""e73cad3ad6986ab60960c614ce874161947e2d603f013456a44aec4efba3435a""}",F:\SocketServerClient\results\parser-challenge-20260930\0078-hard-aggregate-sat-csharp,True,4073247.8666666667,2977.139193503062,,,0.2814657833463746,client_cpu_over_85pct,False,closed-loop,1007812,1007812,0,1007812,0,0,0,1.009663,5.292031,8.060927,17.9943,5.292031,1007812,0.0,509524,13673,,,,0.9867942946415718,,3.7365486163058974,222.8528237409358,918.9637242641109,,0,0,0,0,139.90234375,0.0,185.855,69.631,975
79,hard-saturation,hard-allocate-sat,"HARD, closed-loop saturation (16 x 4, 4 KiB-1 MiB frames)","HARD retain-allocate, 64 batches",tcp,retain-allocate,csharp,cpp,1,hardmix,hard,16,64,0,steady,4194304,64,60,20,,0.039596920203931865,0.07226364464396881,True,0,"{""cpp"": ""aeddcdfc46d1dd5157b06cd27570a6f2985aa0d6ec6110389e4aefb1364bb27c"", ""csharp"": ""e73cad3ad6986ab60960c614ce874161947e2d603f013456a44aec4efba3435a""}",F:\SocketServerClient\results\parser-challenge-20260930\0079-hard-allocate-sat-csharp,True,2838194.533333333,2074.403799756368,,,829.5991416188301,,True,closed-loop,702052,702052,0,702052,0,0,0,4.849663,14.417919,22.347775,49.6384,14.417919,702052,0.0,701707,320143,,,,0.7427089336220974,,3.8811258357116416,332.79675152267924,1371.8821860277014,,171,171,0,1241.407,1025.22265625,12.587779998779297,823.295,180.223,680
80,hard-saturation,hard-allocate-sat,"HARD, closed-loop saturation (16 x 4, 4 KiB-1 MiB frames)","HARD retain-allocate, 64 batches",tcp,retain-allocate,cpp,cpp,1,hardmix,hard,16,64,0,steady,4194304,64,60,20,,0.04065986703016665,0.06906663756696793,,,"{""cpp"": ""aeddcdfc46d1dd5157b06cd27570a6f2985aa0d6ec6110389e4aefb1364bb27c"", ""csharp"": ""e73cad3ad6986ab60960c614ce874161947e2d603f013456a44aec4efba3435a""}",F:\SocketServerClient\results\parser-challenge-20260930\0080-hard-allocate-sat-cpp,True,2482027.1166666667,1814.0571124394735,,,828.8608324773554,,True,closed-loop,613971,613971,0,613971,0,0,0,6.111231,8.945663,10.125311,13.5456,8.945663,613971,0.0,613961,533216,,,,0.672108024999703,,3.9583643569577496,388.1494402830101,1600.038452620932,14.01002978968062,,,,,201.35546875,12.587779998779297,1183.743,219.647,592
81,hard-saturation,hard-aggregate-sat,"HARD, closed-loop saturation (16 x 4, 4 KiB-1 MiB frames)",HARD aggregate,tcp,aggregate,cpp,cpp,2,hardmix,hard,16,64,0,steady,4194304,64,60,20,,0.04102125386427468,0.0737206181237891,,,"{""cpp"": ""aeddcdfc46d1dd5157b06cd27570a6f2985aa0d6ec6110389e4aefb1364bb27c"", ""csharp"": ""e73cad3ad6986ab60960c614ce874161947e2d603f013456a44aec4efba3435a""}",F:\SocketServerClient\results\parser-challenge-20260930\0081-hard-aggregate-sat-cpp,True,3461127.9166666665,2529.661516110102,,,0.0,client_cpu_over_85pct,False,closed-loop,856104,856104,0,856104,0,0,0,4.087807,6.504447,7.602175,45.2489,6.504447,856104,0.0,854396,144472,,,,0.880757274691039,,3.9575168460816093,277.93060188949005,1145.6667557343574,0.0,,,,,41.8515625,0.0,847.871,79.871,827
82,hard-saturation,hard-aggregate-sat,"HARD, closed-loop saturation (16 x 4, 4 KiB-1 MiB frames)",HARD aggregate,tcp,aggregate,csharp,cpp,2,hardmix,hard,16,64,0,steady,4194304,64,60,20,,0.03762815262960278,0.07216544819525358,True,0,"{""cpp"": ""aeddcdfc46d1dd5157b06cd27570a6f2985aa0d6ec6110389e4aefb1364bb27c"", ""csharp"": ""e73cad3ad6986ab60960c614ce874161947e2d603f013456a44aec4efba3435a""}",F:\SocketServerClient\results\parser-challenge-20260930\0082-hard-aggregate-sat-csharp,True,4070070.05,2974.777179082235,,,0.2864171181905146,client_cpu_over_85pct,False,closed-loop,1006814,1006814,0,1006814,0,0,0,0.983039,5.242879,8.060927,17.8056,5.242879,1006814,0.0,492675,13011,,,,0.9855240138964858,,3.717612909112139,221.95633950262908,915.02763528307,,0,0,0,0,141.33203125,0.0,187.903,63.999,977
83,hard-saturation,hard-allocate-sat,"HARD, closed-loop saturation (16 x 4, 4 KiB-1 MiB frames)","HARD retain-allocate, 64 batches",tcp,retain-allocate,csharp,cpp,2,hardmix,hard,16,64,0,steady,4194304,64,60,20,,0.04304792360249572,0.07770834581917306,True,0,"{""cpp"": ""aeddcdfc46d1dd5157b06cd27570a6f2985aa0d6ec6110389e4aefb1364bb27c"", ""csharp"": ""e73cad3ad6986ab60960c614ce874161947e2d603f013456a44aec4efba3435a""}",F:\SocketServerClient\results\parser-challenge-20260930\0083-hard-allocate-sat-csharp,True,2816116.066666667,2058.2231374104817,,,829.5721559193858,,True,closed-loop,696610,696610,0,696610,0,0,0,5.062655,12.451839,15.532031,28.5424,12.451839,696610,0.0,696480,360856,,,,0.7410878313055396,,3.8526312812594314,332.88443318356036,1372.254496097867,,169,169,0,1219.242,1017.375,12.587779998779297,944.127,182.783,672
84,hard-saturation,hard-allocate-sat,"HARD, closed-loop saturation (16 x 4, 4 KiB-1 MiB frames)","HARD retain-allocate, 64 batches",tcp,retain-allocate,cpp,cpp,2,hardmix,hard,16,64,0,steady,4194304,64,60,20,,0.035800474870038325,0.06224079165435761,,,"{""cpp"": ""aeddcdfc46d1dd5157b06cd27570a6f2985aa0d6ec6110389e4aefb1364bb27c"", ""csharp"": ""e73cad3ad6986ab60960c614ce874161947e2d603f013456a44aec4efba3435a""}",F:\SocketServerClient\results\parser-challenge-20260930\0084-hard-allocate-sat-cpp,True,2488331.466666667,1818.6585561116538,,,828.8343905646252,,True,closed-loop,615441,615441,0,615441,0,0,0,6.094847,8.912895,10.027007,15.0581,8.912895,615441,0.0,615436,531934,,,,0.6707532849978186,,3.9686610360171453,388.21247690680343,1600.1094792582614,14.010676896729338,,,,,198.86328125,12.587779998779297,1171.455,189.439,592
85,hard-saturation,hard-reuse-sat,"HARD, closed-loop saturation (16 x 4, 4 KiB-1 MiB frames)","HARD retain-reuse, 64 batches",tcp,retain-reuse,csharp,cpp,2,hardmix,hard,16,64,0,steady,4194304,64,60,20,,0.03760194163685817,0.07047364579337323,True,0,"{""cpp"": ""aeddcdfc46d1dd5157b06cd27570a6f2985aa0d6ec6110389e4aefb1364bb27c"", ""csharp"": ""e73cad3ad6986ab60960c614ce874161947e2d603f013456a44aec4efba3435a""}",F:\SocketServerClient\results\parser-challenge-20260930\0085-hard-reuse-sat-csharp,True,2902904.35,2121.685771210988,,,0.12387013152794955,,True,closed-loop,717998,717998,0,717998,0,0,0,5.046271,8.814591,10.747903,19.2427,8.814591,717998,0.0,717876,369952,,,,0.7489733913594553,,3.897740335883748,326.82020005626754,1347.1112922188734,,0,0,0,0,877.0859375,42.65625,974.847,163.327,695
86,hard-saturation,hard-reuse-sat,"HARD, closed-loop saturation (16 x 4, 4 KiB-1 MiB frames)","HARD retain-reuse, 64 batches",tcp,retain-reuse,cpp,cpp,2,hardmix,hard,16,64,0,steady,4194304,64,60,20,,0.038715824466216846,0.06879613535048477,,,"{""cpp"": ""aeddcdfc46d1dd5157b06cd27570a6f2985aa0d6ec6110389e4aefb1364bb27c"", ""csharp"": ""e73cad3ad6986ab60960c614ce874161947e2d603f013456a44aec4efba3435a""}",F:\SocketServerClient\results\parser-challenge-20260930\0086-hard-reuse-sat-cpp,True,2544382.6666666665,1859.618413066864,,,0.021904710903533783,,True,closed-loop,629358,629358,0,629358,0,0,0,5.947391,8.716287,9.797631,13.4048,8.716287,629358,0.0,629341,525209,,,,0.6961168242302326,,3.9666500539558687,379.3796614963185,1563.8707330557163,8.103495943485266e-05,,,,,703.453125,42.65625,1163.263,227.839,608
87,hard-saturation,hard-allocate-sat,"HARD, closed-loop saturation (16 x 4, 4 KiB-1 MiB frames)","HARD retain-allocate, 64 batches",tcp,retain-allocate,cpp,cpp,3,hardmix,hard,16,64,0,steady,4194304,64,60,20,,0.03845852256817009,0.07031174753507624,,,"{""cpp"": ""aeddcdfc46d1dd5157b06cd27570a6f2985aa0d6ec6110389e4aefb1364bb27c"", ""csharp"": ""e73cad3ad6986ab60960c614ce874161947e2d603f013456a44aec4efba3435a""}",F:\SocketServerClient\results\parser-challenge-20260930\0087-hard-allocate-sat-cpp,True,2489094.9166666665,1819.2275492509207,,,828.8380838599184,,True,closed-loop,615628,615628,0,615628,0,0,0,6.078463,8.912895,9.994239,16.3063,8.912895,615628,0.0,615621,531359,,,,0.6884724794718069,,3.9753235038485855,388.7544507397324,1602.3725784789092,14.010433248650159,,,,,199.7578125,12.587779998779297,1204.223,247.807,592
88,hard-saturation,hard-allocate-sat,"HARD, closed-loop saturation (16 x 4, 4 KiB-1 MiB frames)","HARD retain-allocate, 64 batches",tcp,retain-allocate,csharp,cpp,3,hardmix,hard,16,64,0,steady,4194304,64,60,20,,0.039862955017498265,0.0717698720571554,True,0,"{""cpp"": ""aeddcdfc46d1dd5157b06cd27570a6f2985aa0d6ec6110389e4aefb1364bb27c"", ""csharp"": ""e73cad3ad6986ab60960c614ce874161947e2d603f013456a44aec4efba3435a""}",F:\SocketServerClient\results\parser-challenge-20260930\0088-hard-allocate-sat-csharp,True,2838302.4833333334,2074.448467461268,,,829.5495630965421,,True,closed-loop,701882,701882,0,701882,0,0,0,4.931583,13.238271,18.874367,35.7586,13.238271,701882,0.0,701555,335285,,,,0.7503166743962467,,3.8816859570729907,332.9664031845809,1372.1892983395335,,170,170,0,1235.4099999999999,1016.8359375,12.587779998779297,907.263,182.783,680
89,hard-saturation,hard-aggregate-sat,"HARD, closed-loop saturation (16 x 4, 4 KiB-1 MiB frames)",HARD aggregate,tcp,aggregate,cpp,cpp,3,hardmix,hard,16,64,0,steady,4194304,64,60,20,,0.035251727127507626,0.06499903192911688,,,"{""cpp"": ""aeddcdfc46d1dd5157b06cd27570a6f2985aa0d6ec6110389e4aefb1364bb27c"", ""csharp"": ""e73cad3ad6986ab60960c614ce874161947e2d603f013456a44aec4efba3435a""}",F:\SocketServerClient\results\parser-challenge-20260930\0089-hard-aggregate-sat-cpp,True,3476739.466666667,2541.0676752090453,,,0.0,client_cpu_over_85pct,False,closed-loop,859941,859941,0,859941,0,0,0,4.079615,6.488063,7.454719,11.1211,6.488063,859941,0.0,858355,144119,,,,0.886155027203958,,3.968032579189796,277.3627783766561,1143.2887737164153,0.0,,,,,42.08203125,0.0,839.679,83.455,832
90,hard-saturation,hard-aggregate-sat,"HARD, closed-loop saturation (16 x 4, 4 KiB-1 MiB frames)",HARD aggregate,tcp,aggregate,csharp,cpp,3,hardmix,hard,16,64,0,steady,4194304,64,60,20,,0.03697958853472903,0.07187466843352842,True,0,"{""cpp"": ""aeddcdfc46d1dd5157b06cd27570a6f2985aa0d6ec6110389e4aefb1364bb27c"", ""csharp"": ""e73cad3ad6986ab60960c614ce874161947e2d603f013456a44aec4efba3435a""}",F:\SocketServerClient\results\parser-challenge-20260930\0090-hard-aggregate-sat-csharp,True,4084395.066666667,2985.2621994654337,,,0.28992712513027274,client_cpu_over_85pct,False,closed-loop,1010468,1010468,0,1010468,0,0,0,0.964607,5.275647,7.929855,24.7191,5.275647,1010468,0.0,481949,13419,,,,0.9877008625552943,,3.703560069227701,220.33416694046718,908.4794258530607,,0,0,0,0,142.91015625,0.0,163.327,57.599,978
91,hard-saturation,hard-reuse-sat,"HARD, closed-loop saturation (16 x 4, 4 KiB-1 MiB frames)","HARD retain-reuse, 64 batches",tcp,retain-reuse,csharp,cpp,3,hardmix,hard,16,64,0,steady,4194304,64,60,20,,0.04372352286950557,0.07554837114627082,True,0,"{""cpp"": ""aeddcdfc46d1dd5157b06cd27570a6f2985aa0d6ec6110389e4aefb1364bb27c"", ""csharp"": ""e73cad3ad6986ab60960c614ce874161947e2d603f013456a44aec4efba3435a""}",F:\SocketServerClient\results\parser-challenge-20260930\0091-hard-reuse-sat-csharp,True,2922911.75,2136.3126933733624,,,0.12224992709077574,,True,closed-loop,723008,723008,0,723008,0,0,0,4.997119,8.880127,11.042815,18.4371,8.880127,723008,0.0,722849,360211,,,,0.7642753048911622,,3.896049125899217,324.3826486013986,1337.1774943114956,,0,0,0,0,882.5078125,42.65625,929.791,182.783,696
92,hard-saturation,hard-reuse-sat,"HARD, closed-loop saturation (16 x 4, 4 KiB-1 MiB frames)","HARD retain-reuse, 64 batches",tcp,retain-reuse,cpp,cpp,3,hardmix,hard,16,64,0,steady,4194304,64,60,20,,0.04147497455809325,0.07453047087682187,,,"{""cpp"": ""aeddcdfc46d1dd5157b06cd27570a6f2985aa0d6ec6110389e4aefb1364bb27c"", ""csharp"": ""e73cad3ad6986ab60960c614ce874161947e2d603f013456a44aec4efba3435a""}",F:\SocketServerClient\results\parser-challenge-20260930\0092-hard-reuse-sat-cpp,True,2544028.85,1859.355823024114,,,0.02190670304729964,,True,closed-loop,629227,629227,0,629227,0,0,0,5.963775,8.683519,9.830399,16.396,8.683519,629227,0.0,629220,527407,,,,0.6865295648190795,,3.9600366877024094,378.91234006169475,1561.761256936869,8.105183026157491e-05,,,,,702.54296875,42.65625,1138.687,207.871,608
93,hard-saturation,hard-reuse-sat,"HARD, closed-loop saturation (16 x 4, 4 KiB-1 MiB frames)","HARD retain-reuse, 64 batches",tcp,retain-reuse,csharp,cpp,4,hardmix,hard,16,64,0,steady,4194304,64,60,20,,0.04297428766408168,0.07913846718656099,True,0,"{""cpp"": ""aeddcdfc46d1dd5157b06cd27570a6f2985aa0d6ec6110389e4aefb1364bb27c"", ""csharp"": ""e73cad3ad6986ab60960c614ce874161947e2d603f013456a44aec4efba3435a""}",F:\SocketServerClient\results\parser-challenge-20260930\0093-hard-reuse-sat-csharp,True,2884429.283333333,2108.17551574707,,,0.12332403865944631,,True,closed-loop,713374,713374,0,713374,0,0,0,5.046271,9.175039,11.206655,42.9004,9.175039,713374,0.0,713228,365428,,,,0.762143447819117,,3.8735380027090596,326.9235352003297,1347.4639623968064,,0,0,0,0,882.13671875,42.65625,954.367,151.551,688
94,hard-saturation,hard-reuse-sat,"HARD, closed-loop saturation (16 x 4, 4 KiB-1 MiB frames)","HARD retain-reuse, 64 batches",tcp,retain-reuse,cpp,cpp,4,hardmix,hard,16,64,0,steady,4194304,64,60,20,,0.037181063513166766,0.06381404652329026,,,"{""cpp"": ""aeddcdfc46d1dd5157b06cd27570a6f2985aa0d6ec6110389e4aefb1364bb27c"", ""csharp"": ""e73cad3ad6986ab60960c614ce874161947e2d603f013456a44aec4efba3435a""}",F:\SocketServerClient\results\parser-challenge-20260930\0094-hard-reuse-sat-cpp,True,2551316.75,1864.6990852673848,,,0.02141656303652042,,True,closed-loop,631058,631058,0,631058,0,0,0,5.931007,8.650751,9.699327,13.9752,8.650751,631058,0.0,631049,525672,,,,0.6769914637573176,,3.9738888643532886,379.0509350962986,1562.4578894686006,7.923201987772915e-05,,,,,702.00390625,42.65625,1134.591,170.495,608
95,hard-saturation,hard-allocate-sat,"HARD, closed-loop saturation (16 x 4, 4 KiB-1 MiB frames)","HARD retain-allocate, 64 batches",tcp,retain-allocate,csharp,cpp,4,hardmix,hard,16,64,0,steady,4194304,64,60,20,,0.04420771050719536,0.08485571145831365,True,0,"{""cpp"": ""aeddcdfc46d1dd5157b06cd27570a6f2985aa0d6ec6110389e4aefb1364bb27c"", ""csharp"": ""e73cad3ad6986ab60960c614ce874161947e2d603f013456a44aec4efba3435a""}",F:\SocketServerClient\results\parser-challenge-20260930\0095-hard-allocate-sat-csharp,True,2820064.6333333333,2061.123382584254,,,829.582014923898,,True,closed-loop,697559,697559,0,697559,0,0,0,5.013503,12.681215,16.023551,32.3445,12.681215,697559,0.0,697406,349078,,,,0.75326912661987,,3.900370088916864,336.5978720079592,1387.5419647648885,,169,169,0,1238.1599999999999,1019.4921875,12.587779998779297,913.407,191.487,672
96,hard-saturation,hard-allocate-sat,"HARD, closed-loop saturation (16 x 4, 4 KiB-1 MiB frames)","HARD retain-allocate, 64 batches",tcp,retain-allocate,cpp,cpp,4,hardmix,hard,16,64,0,steady,4194304,64,60,20,,0.037756943519481515,0.06555375111520388,,,"{""cpp"": ""aeddcdfc46d1dd5157b06cd27570a6f2985aa0d6ec6110389e4aefb1364bb27c"", ""csharp"": ""e73cad3ad6986ab60960c614ce874161947e2d603f013456a44aec4efba3435a""}",F:\SocketServerClient\results\parser-challenge-20260930\0096-hard-allocate-sat-cpp,True,2489728.9166666665,1819.6796585559846,,,828.8367212391815,,True,closed-loop,615793,615793,0,615793,0,0,0,6.094847,8.912895,9.994239,14.6168,8.912895,615793,0.0,615781,533397,,,,0.661166436337252,,3.9687516284573583,387.9905666352167,1599.2166055426717,14.010514897051443,,,,,200.38671875,12.587779998779297,1204.223,207.359,592
97,hard-saturation,hard-aggregate-sat,"HARD, closed-loop saturation (16 x 4, 4 KiB-1 MiB frames)",HARD aggregate,tcp,aggregate,cpp,cpp,4,hardmix,hard,16,64,0,steady,4194304,64,60,20,,0.04531041812708338,0.08270518137861184,,,"{""cpp"": ""aeddcdfc46d1dd5157b06cd27570a6f2985aa0d6ec6110389e4aefb1364bb27c"", ""csharp"": ""e73cad3ad6986ab60960c614ce874161947e2d603f013456a44aec4efba3435a""}",F:\SocketServerClient\results\parser-challenge-20260930\0097-hard-aggregate-sat-cpp,True,3459955.3333333335,2528.798980108897,,,0.0,client_cpu_over_85pct,False,closed-loop,855727,855727,0,855727,0,0,0,4.079615,6.504447,7.487487,19.3768,6.504447,855727,0.0,853960,143547,,,,0.8808769265615599,,3.956370611737075,277.961750651785,1145.6908390857334,0.0,,,,,41.83984375,0.0,843.775,80.127,824
98,hard-saturation,hard-aggregate-sat,"HARD, closed-loop saturation (16 x 4, 4 KiB-1 MiB frames)",HARD aggregate,tcp,aggregate,csharp,cpp,4,hardmix,hard,16,64,0,steady,4194304,64,60,20,,0.03512556073529374,0.0688613404359516,True,0,"{""cpp"": ""aeddcdfc46d1dd5157b06cd27570a6f2985aa0d6ec6110389e4aefb1364bb27c"", ""csharp"": ""e73cad3ad6986ab60960c614ce874161947e2d603f013456a44aec4efba3435a""}",F:\SocketServerClient\results\parser-challenge-20260930\0098-hard-aggregate-sat-csharp,True,4079168.1666666665,2981.4436925411223,,,0.2887083445433749,client_cpu_over_85pct,False,closed-loop,1009238,1009238,0,1009238,0,0,0,0.974847,5.292031,8.077311,39.756,5.292031,1009238,0.0,488346,13790,,,,0.9876165381484298,,3.7281306054540257,222.02703921176175,915.5219111603002,,0,0,0,0,142.55859375,0.0,175.103,65.023,977
